Object_ID,Processing,Year,IS_Img_Date,AGDD,Average_Temp,Precipitation_mm_monthly,Elevation,Ort,Plotname,SAMPLE_ID,X_east,Y_north,Biom_wet_g,X410,X422,X437,X448,X458,X468,X478,X491,X497,X506,X515,X525,X531,X539,X547,X553,X557,X563,X568,X573,X577,X581,X585,X590,X594,X598,X603,X607,X612,X617,X621,X623,X626,X628,X631,X634,X636,X639,X642,X645,X647,X650,X653,X656,X659,X662,X665,X668,X671,X674,X678,X681,X684,X688,X691,X694,X698,X702,X705,X709,X712,X716,X720,X724,X728,X732,X736,X740,X744,X748,X753,X757,X762,X766,X771,X776,X780,X785,X790,X795,X800,X805,X810,X816,X821,X827,X832,X838,X844,X850,X856,X862,X868,X874,X880,X887,X894,X900,X907,X914,X921,X928,X936,X943,X981,X990,X998,X1007,X1016,X1024,X1033,X1042,X1051,X1060,X1070,X1079,X1088,X1098,X1107,X1116,X1126,X1135,X1145,X1154,X1164,X1173,X1183,X1193,X1202,X1212,X1222,X1232,X1242,X1251,X1261,X1271,X1280,X1290,X1300,X1310,X1320,X1329,X1339,X1348,X1358,X1368,X1378,X1388,X1397,X1407,X1417,X1427,X1436,X1446,X1456,X1465,X1475,X1484,X1493,X1503,X1512,X1521,X1530,X1539,X1548,X1558,X1567,X1576,X1585,X1594,X1603,X1612,X1622,X1631,X1640,X1648,X1657,X1666,X1675,X1684,X1693,X1701,X1710,X1719,X1728,X1736,X1745,X1754,X1762,X1770,X1779,X1787,X1796,X1804,X1812,X1820,X1829,X1837,X1845,X1854,X1862,X1870,X1878,X1886,X1894,X1902,X1910,X1918,X1926,X1934,X1942,X1950,X1958,X1965,X1973,X1981,X1988,X1996,X2004,X2011,X2019,X2027,X2034,X2042,X2049,X2057,X2064,X2072,X2079,X2086,X2094,X2101,X2108,X2115,X2123,X2130,X2137,X2144,X2151,X2158,X2166,X2172,X2180,X2186,X2193,X2200,X2207,X2214,X2221,X2228,X2235,X2242,X2249,X2256,X2263,X2270,X2276,X2283,X2290,X2296,X2303,X2310,X2316,X2323,X2329,X2336,X2342,X2349,X2355,X2362,X2368,X2375,X2381,X2387,X2394,X2400
1,Sample,2010,20100624,225.1,14.2,52.2,1821.4,SNP,NA,AX01,2779944,1166044,20,639.9604168,656.1391807,674.8220012,696.6185475,722.1384888,752.0930059,785.4763111,820.3226205,854.6661504,894.9258129,944.6420787,997.5315013,1047.310634,1087.696031,1121.317037,1152.384466,1176.987075,1191.213618,1188.189142,1168.929134,1141.358015,1113.400205,1092.980126,1076.043872,1055.88715,1036.458799,1021.707657,1013.021032,1007.746825,1003.774771,998.9946031,994.6497339,992.2204628,989.9518555,986.088978,981.5285297,977.6763255,973.5411037,968.1316029,960.4565617,946.4690253,926.8246518,907.5860982,894.8160217,876.0025149,846.3077036,823.3052949,824.5689961,840.4043452,857.9066791,889.8344039,948.9459252,1039.822096,1154.664978,1287.664789,1433.011747,1584.89607,1758.612032,1959.870449,2168.48635,2364.274765,2562.523033,2777.790167,2988.7987,3174.271168,3343.399472,3511.903509,3668.297806,3801.096893,3906.66265,3991.867594,4060.992202,4118.316953,4168.122325,4199.277857,4207.909842,4209.18389,4218.265608,4231.321798,4237.02748,4239.310599,4242.099096,4249.320915,4263.07008,4280.262152,4297.057377,4309.616004,4319.276437,4328.802555,4336.492812,4340.645665,4339.55957,4325.691319,4300.286388,4274.826261,4260.792421,4249.484829,4232.415319,4221.383185,4228.187721,4260.733853,4310.786285,4365.933978,4413.765893,4462.216301,4521.8924,4584.392539,4641.315072,4684.258349,4715.893043,4743.047218,4763.555319,4775.251788,4776.062119,4767.448392,4752.549936,4734.506077,4705.623419,4663.914831,4621.079038,4588.814767,4557.409588,4516.14143,4475.194556,4444.753229,4435.001709,4461.382667,4516.52121,4576.375256,4616.902725,4665.354239,4739.625998,4801.644286,4813.335387,4778.638574,4725.056,4649.858274,4550.316006,4408.49235,4221.886493,4010.923087,3796.026785,3597.622242,3391.64341,3160.330775,2933.56879,2741.241908,2572.800498,2405.293738,2250.004293,2118.214831,2021.208019,1961.075901,1928.195082,1916.275071,1919.025376,1950.577017,2018.51631,2106.735707,2199.127657,2279.584612,2359.223543,2452.045615,2546.26957,2630.114152,2706.567319,2783.918599,2858.339085,2925.999873,2993.038119,3062.410733,3125.518444,3173.761977,3209.196073,3238.257603,3258.920488,3269.158653,3266.946021,3247.72142,3213.003423,3169.885572,3125.461405,3083.348123,3038.641889,2985.654687,2918.698502,2844.384115,2766.95402,2677.167777,2565.784944,2417.436871,2235.540208,2039.032465,1846.851151,1677.933776,1507.857518,1319.089376,1140.901594,1002.566416,909.730253,842.4276357,791.5129874,747.8407315,722.0862441,721.544369,731.9987303,739.2329523,742.2644411,750.6935342,766.1782523,790.3766162,824.9466468,880.4101124,955.618414,1034.724022,1101.879405,1165.638654,1238.97423,1312.66616,1377.494472,1424.239193,1446.531727,1451.75411,1451.312315,1456.612316,1461.998218,1458.527315,1452.67537,1450.918144,1459.731396,1481.630114,1511.129074,1542.703724,1570.829511,1600.830745,1636.87519,1671.703475,1698.056233,1719.459666,1741.138899,1758.382941,1766.480802,1765.732607,1759.433126,1747.36333,1729.304191,1705.036683,1668.48001,1619.604274,1567.26679,1520.324872,1471.876132,1415.283234,1359.801077,1314.684557,1278.847458,1245.716602,1216.316443,1191.671434,1175.072573,1166.535887,1162.17337,1158.097016,1150.418818,1140.965906,1132.982491,1124.706197,1114.374645,1102.50319,1090.495431,1077.921362,1064.350972,1049.576875,1033.765469,1017.047426,999.5534146
2,Sample,2010,20100624,225.1,14.2,52.2,2201.6,SNP,61,AX02,2779945,1166045,78,635.5820332,650.8463423,668.6431293,689.5723486,714.2339542,743.299062,775.7672568,809.7311971,843.2835412,882.957097,932.293487,984.8985917,1034.378291,1074.338466,1106.630747,1135.475105,1158.029928,1171.453607,1169.605333,1152.969771,1128.643529,1103.723212,1085.305425,1068.898799,1048.430891,1028.626702,1014.211233,1006.933867,1003.649495,1001.74138,998.5927842,995.6713958,994.769393,993.7567722,990.5035298,985.9765376,981.8965396,977.2643405,971.0807449,962.3465572,945.73653,921.8129434,898.407894,883.3534781,865.2893229,838.2293951,818.0673004,820.6966445,836.6077775,854.0072494,885.3629654,943.1428308,1030.873592,1140.878327,1268.819439,1410.35933,1561.160404,1737.710658,1944.289384,2158.245927,2356.929631,2556.624006,2774.049027,2987.208734,3174.107167,3342.837927,3509.288055,3663.151758,3794.123244,3898.108081,3981.303077,4048.839301,4105.847819,4157.459699,4193.23016,4208.387571,4216.572732,4231.426439,4251.345222,4266.553525,4278.434014,4288.369355,4297.742214,4305.953307,4311.967201,4316.512344,4320.31718,4322.574618,4322.366727,4320.255701,4316.803731,4312.57301,4301.575787,4283.08018,4265.53218,4257.377781,4253.72557,4248.719587,4249.359003,4262.64299,4291.667065,4331.00482,4374.872537,4417.486502,4468.280084,4533.680216,4603.393527,4667.126647,4714.586206,4750.200232,4782.644505,4807.997279,4822.336809,4823.245904,4813.289965,4796.021134,4774.991556,4739.979365,4688.422068,4635.360862,4595.836946,4561.340664,4519.30337,4478.677769,4448.416569,4437.472475,4458.782307,4505.665493,4557.64865,4594.258397,4643.63498,4721.293503,4787.822864,4803.811963,4774.166865,4727.283162,4658.984046,4565.092709,4429.03868,4249.647734,4045.837425,3836.525312,3640.628949,3433.252884,3197.888524,2966.033717,2769.18631,2595.789816,2421.521321,2258.729038,2119.761177,2016.965951,1950.576274,1910.086616,1891.737526,1891.769552,1925.265683,1998.155138,2092.947806,2192.153579,2278.282347,2365.941323,2470.58959,2576.014841,2666.004769,2742.116451,2815.594061,2884.755938,2947.920423,3009.180381,3069.960412,3124.576454,3167.344443,3200.249925,3227.496572,3246.727516,3255.585888,3251.714816,3231.737092,3197.805676,3155.858959,3111.835332,3068.263356,3020.675127,2964.514341,2895.22469,2819.675137,2741.666164,2652.038745,2541.633853,2394.748198,2214.439894,2019.692023,1829.48767,1662.809916,1496.70302,1313.842512,1141.658389,1007.580647,917.7377889,853.4480625,804.926084,762.3864689,735.6276302,732.3076577,739.430682,744.0008342,744.0492959,748.1617745,759.1741896,779.9224607,813.2425074,870.4908644,949.5089449,1032.859986,1103.107225,1169.845314,1247.45142,1325.662549,1394.215712,1442.847916,1465.249592,1469.607019,1467.400978,1470.112254,1471.129866,1461.284605,1448.219907,1439.579209,1443.005947,1460.094019,1484.307575,1511.095431,1535.906404,1563.804234,1598.275165,1632.401776,1659.266642,1683.184476,1709.189102,1731.44176,1744.103694,1748.394763,1748.584627,1743.409227,1731.604504,1711.9064,1678.529961,1632.31801,1581.948148,1536.097977,1487.096618,1428.41681,1370.451587,1323.593979,1286.388948,1251.417082,1220.124855,1193.95874,1176.133742,1166.392179,1160.971491,1156.109119,1148.042505,1138.601295,1130.891219,1123.063843,1113.270729,1102.015691,1090.774218,1079.155392,1066.768293,1053.422387,1039.267279,1024.422259,1009.006614
3,Sample,2010,20100624,225.1,14.2,52.2,2276.4,SNP,58,AX03,2779946,1166046,135,635.5124477,651.131837,669.3588309,690.7862873,716.0070642,745.6856547,778.8346686,813.5691388,848.0040981,888.6155327,938.9073433,992.5364341,1043.15971,1084.434074,1118.889942,1150.755585,1176.23469,1191.530947,1190.633649,1174.674308,1150.56994,1125.237562,1105.594191,1086.091679,1060.838023,1036.23446,1018.682224,1009.507444,1004.2612,1000.682151,996.5089594,994.3056913,995.7918132,997.4390837,995.7192615,991.1379981,986.2493817,980.5978257,973.7277437,965.183549,950.2842261,929.1247507,908.4135233,894.8589442,877.0938187,849.9904012,829.6162659,832.0389869,846.8739939,862.2305131,891.9168133,949.7411632,1039.596619,1152.855322,1284.544169,1429.690055,1583.319875,1762.332097,1971.645996,2188.319685,2389.411275,2591.072293,2810.054767,3024.317567,3211.81956,3380.397196,3546.017754,3698.836344,3829.008076,3931.978563,4013.494589,4079.163013,4134.590696,4185.384498,4222.175408,4239.841406,4250.359838,4265.70805,4284.524263,4298.245852,4308.048892,4315.109461,4320.603634,4321.398782,4316.472119,4310.164489,4306.816735,4305.611797,4303.072118,4299.547797,4295.388933,4290.945625,4282.717853,4270.636529,4260.198149,4256.899209,4254.231147,4247.894742,4246.7005,4259.458926,4291.120937,4335.337447,4383.968962,4428.875987,4479.885987,4545.102117,4613.798421,4675.248941,4718.72772,4745.548224,4764.606957,4776.552521,4782.033518,4778.096093,4763.930807,4743.402886,4720.377557,4684.797627,4633.904254,4582.510195,4545.428207,4514.674083,4478.221479,4444.819946,4423.219035,4422.168297,4456.874074,4520.459984,4588.551491,4636.774059,4696.369727,4786.292313,4863.734951,4885.890775,4855.437998,4802.598759,4725.88208,4623.796983,4477.757109,4284.567176,4065.822816,3843.119663,3638.053351,3424.395997,3183.018238,2946.163486,2746.075153,2572.127624,2399.821784,2240.5908,2105.867836,2007.086059,1946.381305,1913.99758,1903.530299,1908.57488,1943.800525,2016.878701,2110.908217,2208.987885,2294.216514,2380.088882,2481.498696,2583.643157,2671.719469,2748.662617,2824.842538,2896.608859,2960.311208,3020.026412,3078.556013,3130.336716,3169.805223,3197.207724,3216.414886,3227.300125,3229.736857,3223.598499,3205.959792,3176.89068,3140.757391,3101.926148,3065.420728,3028.20102,2982.537417,2920.700315,2850.225796,2776.98597,2690.755279,2581.308163,2431.714276,2245.618224,2043.656869,1846.467074,1674.685701,1504.206924,1316.143551,1138.960396,1001.122276,908.6814436,842.2616986,792.1851702,748.773988,722.5339982,721.2064456,730.9665572,737.9895602,741.0773081,749.4252616,764.7990589,788.964338,823.6867371,879.8720558,956.3907455,1036.955422,1105.2787,1169.767632,1243.659841,1317.913792,1383.487952,1431.340789,1455.855564,1464.233478,1466.659908,1473.320232,1478.61105,1474.477133,1467.426108,1463.965605,1470.603252,1487.897595,1510.218995,1534.792809,1558.844393,1587.941858,1624.329401,1660.246501,1687.932641,1712.518019,1739.788676,1762.967862,1775.278822,1777.126463,1773.109368,1762.741302,1745.536029,1721.007313,1682.576247,1630.589203,1574.947862,1525.553902,1474.584198,1414.48396,1355.557379,1308.108643,1271.86088,1239.623143,1211.328516,1186.910082,1169.431356,1159.641452,1154.001847,1148.974016,1141.019436,1131.892867,1124.500748,1117.03208,1107.675862,1096.900631,1086.15129,1075.081388,1063.344478,1050.745656,1037.398408,1023.41887,1008.923176
4,Sample,2010,20100624,225.1,14.2,52.2,2399.3,SNP,57,AX04,2779947,1166047,192,643.2096664,659.1580097,677.5202067,698.8881103,723.8535734,753.0901336,785.6125738,819.5246153,852.9299793,892.1175955,940.5476226,992.080625,1040.577167,1079.897813,1112.786724,1143.327861,1167.391487,1180.847866,1176.703508,1156.155844,1127.36151,1098.477146,1077.65939,1060.546343,1040.158049,1020.724065,1006.473947,999.0272429,995.5753204,993.7054687,991.0049767,989.6721964,991.4846995,993.3986047,992.3700303,988.9796572,985.3924892,980.9411291,974.9581797,966.7762441,952.0097816,931.0629288,910.4528036,896.6965242,877.7212496,848.3803322,825.5801803,826.2272017,840.4504731,855.783962,885.2414129,941.8365704,1029.082304,1138.849747,1266.690038,1408.154315,1558.793717,1733.96838,1938.196996,2150.76854,2350.971985,2557.269261,2784.807803,3007.904844,3200.877618,3371.92667,3539.766797,3694.486614,3826.174734,3930.638101,4013.724769,4080.585013,4136.36911,4186.227335,4221.406281,4237.101326,4244.385926,4254.333537,4261.363394,4256.865453,4247.369252,4239.404332,4239.500231,4246.009203,4253.076203,4260.919827,4269.758672,4284.575664,4306.275399,4328.958978,4346.727503,4353.682075,4342.052585,4316.82955,4291.255013,4278.571016,4267.57395,4247.768121,4233.45744,4238.945819,4272.349603,4324.253218,4382.662695,4435.584061,4494.260405,4569.453381,4648.446871,4718.52476,4766.970931,4796.465015,4817.817932,4830.51049,4834.0235,4822.675299,4796.480102,4763.46254,4731.647245,4688.212376,4627.1019,4566.489156,4524.547487,4497.221158,4470.964587,4449.716348,4437.415014,4437.999158,4465.611641,4517.715072,4573.227651,4611.067575,4656.080597,4724.049213,4780.296735,4790.146479,4759.19822,4712.419251,4644.18416,4548.867534,4410.170912,4228.157529,4021.744519,3809.849015,3611.388152,3398.848033,3155.223487,2915.194738,2713.442009,2538.857219,2365.267835,2204.757399,2069.409452,1971.307536,1914.346306,1888.206987,1883.652973,1891.447658,1925.927129,1996.749397,2087.66074,2182.407433,2264.735755,2346.00945,2440.342032,2535.604433,2619.667588,2694.611479,2768.988725,2840.379212,2906.362827,2972.366613,3040.315513,3102.536262,3151.355596,3189.353303,3222.38718,3247.700977,3262.538441,3264.143323,3249.276931,3220.170176,3182.271215,3141.028202,3099.927568,3055.128475,3001.088179,2932.263936,2853.698917,2769.568074,2673.026326,2557.228594,2406.183334,2221.423711,2022.391705,1828.529298,1659.278474,1491.187939,1306.418696,1132.831175,998.2858022,909.8170945,848.5127038,803.3127635,763.1574071,738.0771918,736.6503148,745.6383694,751.8029487,753.6801487,760.1215461,773.3619553,795.6361907,829.1790667,884.7250929,960.6103206,1040.471877,1107.946888,1172.096135,1246.432234,1321.270066,1386.924514,1433.710458,1455.331992,1459.432993,1457.238016,1459.971617,1461.594047,1453.314044,1442.228897,1435.435893,1440.032323,1457.142867,1480.550762,1506.341131,1530.599096,1558.0576,1591.798304,1625.429409,1652.559116,1678.53368,1708.107994,1734.003217,1748.940506,1753.588761,1753.016316,1746.543483,1733.490573,1713.177899,1679.679056,1633.440704,1583.342754,1538.265114,1490.685524,1433.835045,1377.723573,1332.361002,1297.8273,1267.173113,1239.864359,1215.366953,1195.901842,1182.319501,1172.030137,1162.443958,1150.971175,1138.675265,1127.722305,1117.176406,1106.101675,1094.711013,1083.739911,1073.036369,1062.448385,1051.898036,1041.442318,1031.131604,1021.016267
5,Sample,2010,20100624,225.1,14.2,52.2,2485.6,SNP,55,AX05,2779948,1166048,250,633.5168469,651.0968342,670.9504476,693.6379998,719.7198029,749.8295446,783.0298087,817.5242523,851.5165327,890.945751,939.0988439,990.2012209,1038.478292,1078.155467,1112.100167,1144.129687,1169.894243,1185.044051,1183.127393,1165.637752,1140.143145,1114.211593,1095.411114,1079.527947,1060.053566,1041.113834,1026.83462,1018.679216,1013.923861,1010.413828,1005.994395,1002.355526,1001.037787,999.6623546,995.8504084,989.9520557,983.7028575,976.8021708,968.949353,959.8437612,945.2425318,925.1152596,905.4799897,892.3547671,874.2267165,846.4878417,825.5135067,827.6790753,842.5851013,857.9856895,887.4865308,944.6933159,1033.321414,1144.885706,1274.691152,1418.042711,1570.245342,1747.375754,1954.096771,2168.592531,2369.047168,2571.981509,2793.326868,3010.383112,3200.45011,3372.264845,3542.472342,3700.234529,3834.713335,3942.62418,4030.534289,4102.383295,4162.110831,4213.656531,4247.944214,4261.47515,4266.555148,4275.49002,4282.205984,4276.936763,4266.449423,4257.51103,4256.888649,4265.183768,4276.580587,4288.22024,4297.243858,4306.315902,4317.981193,4329.201413,4336.938242,4338.153361,4323.570153,4295.392953,4267.80487,4254.989011,4248.472373,4237.630822,4233.420763,4246.7986,4287.977693,4349.683587,4416.640967,4473.574519,4531.369356,4603.309914,4677.719854,4742.92284,4787.242533,4811.638657,4825.575542,4830.133757,4826.393872,4808.361902,4775.246201,4735.930846,4699.299917,4651.004694,4584.172444,4518.901221,4475.28908,4449.765788,4427.589445,4412.100607,4406.639832,4414.547675,4454.037381,4522.978451,4594.195826,4640.514449,4685.84312,4750.635856,4802.535421,4809.184578,4771.493264,4712.162285,4631.520702,4529.897576,4392.622963,4216.12015,4017.358041,3813.305544,3620.931563,3415.925389,3183.21625,2953.632955,2758.004315,2583.769855,2406.973926,2241.35257,2100.641835,1998.577764,1937.550946,1905.805802,1895.859121,1900.227694,1932.965712,2002.41765,2092.535721,2187.272139,2270.579116,2354.561843,2453.212636,2553.314397,2641.650029,2722.595975,2805.593186,2885.021327,2955.260063,3021.998869,3089.477199,3149.899683,3195.470949,3227.037447,3250.162125,3264.124359,3268.203527,3261.679007,3240.634289,3205.618129,3162.607795,3117.580557,3073.937566,3027.470101,2972.740625,2904.3116,2828.188213,2748.412285,2656.601229,2544.372459,2396.772803,2216.774058,2022.881099,1833.598799,1667.432032,1501.036712,1317.142218,1143.363624,1007.316001,914.9166522,847.5597649,796.0757399,751.2949779,722.0191992,715.3340064,719.4956233,722.760274,724.172168,731.6897214,746.940468,771.5519417,807.1516762,865.2138204,944.6113881,1028.07021,1098.316119,1164.638811,1241.19344,1318.004024,1385.094579,1432.489122,1453.268743,1455.355585,1451.035243,1452.593312,1453.711658,1444.753289,1433.025517,1425.835656,1430.491018,1448.848324,1474.578143,1502.708556,1528.267645,1556.542598,1591.498821,1626.18172,1653.636703,1677.340905,1702.171705,1723.274872,1735.796175,1741.570761,1744.328061,1742.055269,1732.739579,1714.368182,1681.616457,1636.056019,1586.01842,1539.83521,1488.716612,1426.193081,1364.07652,1314.178832,1274.88608,1237.829839,1204.690285,1177.147591,1158.317981,1147.79586,1141.978677,1137.263878,1130.048914,1122.277389,1116.857743,1111.634677,1104.452894,1095.879948,1087.63646,1079.296732,1070.435063,1060.815156,1050.57836,1039.865446,1028.817181
6,Sample,2010,20100624,225.1,14.2,52.2,1859.1,SNP,NA,AX06,2779949,1166049,308,628.4987725,647.6632372,668.963691,692.9647584,720.2310636,751.4139489,785.5762807,820.899969,855.566924,895.5826612,944.2593062,995.7386851,1044.162624,1083.672948,1116.69399,1147.13123,1171.348215,1185.708493,1184.070711,1167.414342,1142.784177,1117.225004,1097.781612,1079.741859,1057.14403,1035.158556,1018.955867,1009.703961,1003.809832,999.3024113,994.2106273,990.3766939,989.2653723,988.3394132,985.061567,980.1540708,975.5213813,970.399578,964.0247409,955.6329496,940.636592,919.4237823,898.6941901,885.1474848,866.9978618,839.0708235,817.9830003,820.3510225,836.1912083,853.2139587,884.5770285,943.4381726,1033.838705,1147.593826,1279.522123,1424.44218,1577.172585,1754.090573,1960.441739,2174.347203,2373.928088,2575.407672,2794.625892,3009.12886,3196.462686,3364.51507,3529.703297,3682.367855,3812.849231,3917.387164,4001.734561,4070.50166,4128.2987,4179.735921,4214.202732,4227.378036,4233.306307,4246.03202,4262.405781,4272.075865,4278.283248,4284.268908,4293.27382,4305.667973,4318.688586,4330.877486,4340.776498,4350.023199,4359.852279,4368.201237,4373.007572,4372.208781,4356.656052,4327.84743,4299.690701,4286.093648,4280.83583,4273.649573,4272.371809,4284.839475,4318.520795,4368.412843,4423.645825,4473.349946,4526.671129,4592.92929,4661.515622,4721.821315,4763.237563,4787.674588,4804.395544,4813.821026,4816.371628,4809.098978,4791.224597,4766.423917,4738.37237,4694.951528,4633.429827,4571.562994,4527.106754,4492.542801,4453.833335,4418.954839,4395.883798,4392.596697,4426.19348,4490.64207,4559.220909,4605.208441,4657.268678,4735.947606,4802.34663,4817.567158,4782.60436,4724.789685,4644.728951,4543.027978,4402.803059,4219.659261,4012.935561,3801.970934,3606.104355,3402.245514,3173.507631,2948.534984,2755.971847,2584.078224,2410.482242,2247.880363,2108.969047,2006.444756,1940.590895,1900.590418,1882.489107,1882.332748,1913.775698,1982.475405,2072.482289,2167.846769,2252.619265,2341.67967,2449.193891,2558.141364,2651.501528,2733.075166,2814.964831,2892.602614,2961.420607,3025.00057,3086.644248,3141.363702,3184.170998,3216.16899,3241.019981,3257.575202,3264.685887,3261.203268,3244.276203,3214.978141,3178.047196,3138.221487,3100.074705,3060.129341,3011.046707,2945.488117,2870.124045,2790.612939,2698.098075,2583.722728,2429.947437,2239.253463,2032.815163,1831.806893,1657.40301,1485.572521,1297.075696,1120.273783,983.5280295,894.5421105,834.0878447,790.1286967,750.6281311,726.0511266,725.737806,735.9643506,743.0069414,744.9101142,750.6833393,763.0501994,784.7342775,818.4591562,874.875152,951.9996791,1033.606967,1103.471247,1171.224135,1250.294612,1330.152949,1400.269418,1450.114291,1473.455169,1478.794703,1477.705734,1481.761106,1484.329838,1476.083608,1464.54925,1457.253594,1461.723474,1480.383227,1506.951593,1535.897008,1561.687908,1589.17207,1622.477083,1654.991104,1680.102292,1701.791201,1724.878896,1744.0143,1753.846333,1755.249503,1752.065106,1743.392252,1728.330051,1705.977612,1670.829636,1623.501234,1572.272126,1525.422036,1474.53477,1413.235549,1352.866215,1304.76861,1267.858581,1234.094949,1204.384014,1179.632077,1163.494773,1156.194727,1153.488719,1151.133532,1144.885946,1136.929034,1130.752032,1124.070964,1114.601855,1102.972936,1091.007538,1078.214327,1064.101971,1048.428673,1031.380695,1013.108803,993.7637581
7,Sample,2010,20100624,225.1,14.2,52.2,1894.8,SNP,NA,AX07,2779950,1166050,365,627.9923607,644.7233441,663.9363128,686.2220805,712.1714611,742.4611959,776.1112615,811.2273246,845.9150517,886.4091679,936.1413983,989.0129096,1038.924869,1079.778442,1114.543873,1147.319076,1173.696724,1189.269487,1187.328545,1169.279361,1142.886034,1115.912666,1096.123356,1078.996325,1057.943744,1037.630647,1022.722067,1014.434315,1009.56197,1006.137461,1002.193217,1000.176312,1001.568195,1002.952854,1000.914281,995.8288225,990.1374365,983.5210244,975.6604883,966.23673,950.8387785,929.5167597,908.6432202,894.5907069,875.5028115,846.3935561,823.9411322,824.8237316,838.8673826,853.8197968,883.2416913,940.693783,1030.268972,1143.420229,1274.748374,1418.854227,1570.338609,1744.947126,1948.094601,2158.885677,2356.425,2556.716993,2774.869924,2988.64421,3175.800267,3346.125802,3515.983255,3672.995144,3804.783989,3906.464927,3985.382904,4047.505158,4098.798924,4145.231437,4173.885556,4179.299252,4178.622424,4189.004974,4209.358082,4227.736799,4245.006835,4262.0339,4279.683704,4302.658369,4330.275811,4355.325435,4370.596643,4373.622419,4368.91866,4359.749129,4349.377594,4341.067819,4323.757474,4293.982051,4266.402051,4255.677974,4261.161536,4272.834852,4291.304019,4317.175138,4360.544123,4421.124086,4483.946919,4534.044512,4577.807656,4627.296489,4676.046919,4717.594856,4745.47621,4755.795687,4753.497415,4745.376443,4738.227817,4730.998015,4719.004911,4703.600648,4686.137367,4660.118922,4624.231412,4587.60035,4559.351247,4532.783042,4500.343636,4469.881977,4449.247013,4446.287693,4473.470208,4524.475721,4578.975641,4616.641375,4665.738715,4742.161092,4807.021371,4821.432415,4789.383867,4738.772645,4666.572533,4569.757315,4430.6771,4247.025365,4038.790946,3825.962682,3628.529407,3423.656681,3194.051066,2968.012903,2773.842532,2598.798507,2420.409588,2252.381426,2108.419675,2002.229986,1934.320033,1893.2082,1874.616205,1874.26577,1907.146207,1979.28643,2072.967559,2170.470715,2254.077017,2336.335205,2433.100026,2531.61161,2619.110087,2696.95893,2773.683169,2847.265272,2915.687708,2986.852756,3062.764546,3132.558317,3185.369308,3223.321848,3254.305728,3276.10438,3286.501238,3283.279734,3260.426626,3219.731283,3170.681057,3122.763299,3080.07585,3035.867672,2983.352792,2915.745238,2840.348907,2762.498467,2672.454098,2560.475981,2409.774579,2223.609168,2022.313146,1826.219913,1655.662868,1487.301949,1302.586743,1129.035129,994.1649825,905.4301507,844.2216395,798.963064,758.0780389,731.1637384,727.1320671,733.3787359,737.2994553,737.1034261,741.127595,751.9592917,772.1858462,804.3945884,859.0382529,934.1788044,1013.817417,1081.955266,1148.0151,1225.246761,1303.392062,1372.192817,1421.390839,1444.472793,1449.690217,1448.932235,1454.087971,1459.721773,1456.54028,1450.646052,1448.141648,1455.129629,1473.0245,1496.699567,1522.445593,1546.553342,1573.412705,1605.842894,1637.778653,1663.154722,1686.5596,1712.352945,1734.12624,1745.470971,1747.600405,1745.276135,1737.412133,1722.92237,1700.720816,1663.468958,1611.735803,1556.296603,1507.926609,1459.926387,1404.357005,1350.134462,1306.17476,1272.016572,1241.35456,1214.338699,1191.118964,1174.753005,1165.860793,1160.935794,1156.471471,1148.961289,1140.155584,1132.91127,1125.381683,1115.720154,1104.426425,1092.971142,1080.964,1068.014696,1053.914101,1038.79778,1022.792461,1006.024876
8,Sample,2010,20100624,225.1,14.2,52.2,1897.3,SNP,NA,AX08,2779951,1166051,422,629.9851358,648.803997,669.7792111,693.4705714,720.4378713,751.2977922,785.1141421,820.1174035,854.5380592,894.3558802,942.824927,994.0871171,1042.284368,1081.558596,1114.269434,1144.331084,1168.217322,1182.401925,1180.864632,1164.538021,1140.325133,1115.129007,1095.852681,1077.797057,1055.135852,1033.081336,1016.845775,1006.98825,999.8231811,994.1958501,988.9515389,986.489518,987.7844388,989.5446537,988.4785153,985.4465493,982.8436952,979.6799258,974.9652144,967.709534,953.754068,933.8077201,914.1820434,901.188591,882.7129013,853.7623253,831.3311354,832.4136037,847.4397497,863.8577007,894.1888911,950.9547553,1037.153537,1144.935004,1270.547876,1410.240875,1560.262719,1736.256096,1942.024197,2156.056502,2356.84249,2562.402834,2788.493907,3010.208742,3202.640373,3375.448313,3546.894694,3704.976481,3837.690634,3939.605013,4017.712189,4078.646192,4129.04105,4175.530795,4205.670136,4213.405763,4214.95967,4226.55385,4247.342032,4265.954878,4282.82979,4298.404169,4313.115415,4328.815486,4345.299732,4359.920642,4370.030705,4375.605018,4378.410405,4378.486942,4375.874705,4370.613771,4354.271646,4326.284678,4298.496205,4282.749569,4273.199336,4261.544532,4255.945183,4264.561316,4292.34828,4333.279212,4379.040815,4421.319797,4470.114074,4533.793875,4601.604371,4662.790735,4706.598139,4736.593264,4761.443559,4778.045344,4783.294941,4772.616731,4748.266339,4717.386951,4687.121754,4643.841865,4581.882057,4520.330989,4478.277323,4450.552178,4422.823714,4400.436154,4388.733721,4393.06064,4430.681454,4497.919823,4568.708639,4616.980794,4668.678323,4743.41981,4805.652969,4819.825515,4788.95548,4738.15843,4665.02838,4567.159341,4428.43987,4246.987376,4041.739154,3831.632501,3635.604711,3427.205922,3189.320467,2954.886931,2756.843902,2584.050114,2411.510386,2251.382426,2115.823945,2016.992654,1956.473879,1923.818809,1913.133943,1918.525781,1955.485928,2031.55115,2128.895682,2229.693757,2316.119611,2401.833579,2502.436001,2603.011124,2688.643197,2760.644541,2829.436304,2893.765966,2952.381007,3007.296696,3059.429095,3105.876874,3143.738705,3176.110173,3205.675583,3228.916689,3242.315244,3242.353001,3226.198918,3196.828661,3159.434045,3119.206885,3080.717625,3040.280469,2990.702876,2924.792306,2847.454358,2763.9418,2667.582836,2551.705672,2400.184662,2214.470329,2014.255131,1819.231527,1649.091977,1479.626668,1292.712873,1117.173684,981.8321907,894.5468389,835.8168464,793.4264591,755.1599233,731.7026764,732.5277422,743.6007469,750.8873164,752.4154737,757.4143217,768.6511055,788.8930705,820.9074619,874.7016938,948.1778379,1025.945126,1092.61279,1157.456744,1233.310671,1310.120462,1377.832006,1426.391192,1450.356716,1457.853779,1459.178035,1464.625138,1467.640676,1459.785159,1448.526626,1441.333113,1445.672657,1462.781905,1486.323826,1512.405947,1537.135793,1565.760583,1601.301656,1636.527713,1664.207455,1689.276931,1717.09501,1741.064623,1754.588701,1758.243107,1756.551395,1748.838033,1734.427493,1712.644241,1677.900579,1630.786395,1579.892538,1533.809857,1484.636346,1425.69278,1367.404179,1320.195567,1283.256676,1249.333101,1219.183663,1193.567182,1175.620142,1165.47287,1159.374944,1153.575942,1144.325443,1133.166745,1123.263009,1113.293607,1101.937907,1089.60033,1077.336061,1064.800621,1051.649533,1037.721037,1023.151241,1008.042473,992.4970597
9,Sample,2010,20100624,225.1,14.2,52.2,2189.9,SNP,90,AX09,2779952,1166052,480,638.6034965,655.6737555,674.9883807,697.1330894,722.6935992,752.3322604,785.0745765,819.0509944,852.3919611,891.3215822,939.2501783,990.0875187,1037.743373,1076.127509,1106.82409,1133.888645,1154.937994,1167.588959,1165.480993,1148.661221,1124.357974,1099.799579,1082.214367,1068.299024,1052.012034,1036.474418,1024.807196,1018.728982,1016.148175,1014.470479,1011.101599,1007.24961,1004.733874,1001.877026,997.0016975,990.4471791,983.473449,975.784171,967.0830089,957.0736265,941.2682495,919.632284,898.549164,884.4023234,865.1832448,835.9501452,813.6865611,815.376029,830.9131684,847.7267256,879.1014278,938.3220019,1029.427951,1144.149062,1277.30549,1423.717388,1578.204911,1756.371332,1963.431819,2178.624364,2381.18696,2588.518174,2815.701722,3038.503322,3232.688692,3409.567509,3587.002265,3750.587898,3885.919347,3987.931399,4065.290026,4124.186943,4170.813861,4211.362493,4231.54617,4225.675493,4212.838082,4212.121558,4221.167795,4226.2739,4229.510337,4232.947571,4238.656069,4249.297607,4263.267103,4276.234736,4283.870683,4284.230034,4279.815243,4272.967543,4266.028163,4261.338336,4251.667933,4234.638867,4219.870432,4216.981918,4224.326611,4235.34488,4252.286646,4277.401828,4318.546715,4374.114305,4432.159585,4480.737541,4526.54258,4579.66487,4633.253033,4680.455693,4714.421474,4735.248609,4748.402873,4755.084199,4756.492522,4750.893541,4737.436542,4718.64684,4697.049748,4662.361869,4612.461608,4562.116987,4526.096028,4498.657155,4468.378825,4441.509112,4424.296088,4422.987828,4451.069529,4503.708121,4559.67428,4597.73868,4643.482638,4713.290197,4772.136123,4784.995178,4755.621708,4708.831456,4641.191284,4549.268049,4419.036203,4249.576519,4057.115343,3857.879021,3668.093899,3462.048672,3225.18574,2990.462002,2790.83436,2613.350581,2432.611804,2262.904981,2118.517067,2013.735013,1950.327174,1915.957675,1903.75713,1906.856153,1940.606142,2013.204243,2107.049681,2204.541683,2288.079478,2370.057189,2465.820668,2562.196729,2646.012191,2719.759846,2792.794749,2862.237107,2925.207126,2986.465905,3048.11371,3103.279509,3145.092268,3174.699339,3197.260395,3211.922892,3217.83428,3214.142016,3198.429039,3171.268286,3136.292202,3097.133231,3057.349836,3014.560456,2963.487499,2898.853373,2827.611732,2753.646266,2667.074439,2558.013713,2410.860852,2229.483525,2033.205556,1841.350768,1673.242986,1504.715899,1317.820649,1141.207233,1003.525647,909.7602904,840.3374725,787.0700581,741.7709118,715.1615382,713.9331642,723.8532371,730.6892048,733.3941771,741.5059722,756.6691002,780.5280714,814.7273958,869.8569487,944.8949491,1024.068422,1091.604394,1156.003185,1230.113423,1304.684589,1370.466168,1418.207642,1442.080593,1449.541194,1451.265811,1457.93081,1464.098906,1461.32707,1455.783043,1453.634571,1461.049398,1479.539181,1503.918764,1530.310667,1554.837413,1581.885902,1614.393716,1646.309404,1671.581509,1694.789938,1720.379609,1742.09659,1753.686949,1756.032921,1753.612402,1745.56495,1731.030123,1709.147479,1673.564347,1624.779833,1572.211167,1525.275576,1476.596647,1419.106334,1362.684418,1317.210682,1282.331441,1251.085392,1223.440898,1199.366319,1181.74941,1171.297793,1164.709629,1158.683078,1149.916301,1140.171416,1132.140725,1123.917671,1113.595697,1101.650995,1089.596195,1077.079397,1063.748705,1049.419645,1034.218312,1018.258655,1001.654621
10,Sample,2010,20100624,225.1,14.2,52.2,2191.5,SNP,91,AX10,2779953,1166053,538,621.1395037,640.6458222,662.3062708,686.6809288,714.3298758,745.8615678,780.3331119,815.977563,851.0279764,891.5569504,940.8624835,993.0157314,1042.08785,1082.149994,1115.373386,1145.652454,1169.643167,1184.001492,1182.58028,1166.237174,1142.135327,1117.437892,1099.308023,1083.258026,1063.132041,1043.590977,1029.295741,1021.692969,1017.633671,1014.885309,1011.215347,1008.801659,1009.306195,1009.722539,1007.044271,1001.555274,995.339325,988.0898403,979.5002375,969.2639341,952.659412,929.7665364,907.4808001,892.697696,874.0732644,846.2750621,825.2158565,826.8084153,841.1754841,856.5183694,885.86768,942.2540247,1029.230737,1138.701035,1266.220349,1407.344113,1557.627759,1732.673353,1936.836419,2148.802577,2347.257447,2548.677903,2768.842978,2985.391529,3175.962412,3349.721691,3522.710781,3682.881566,3818.185931,3925.726601,4013.322991,4085.002018,4144.790602,4196.71566,4228.748798,4236.763938,4236.64147,4244.261784,4256.022805,4260.467876,4261.695517,4263.804248,4270.892588,4283.703318,4298.480748,4312.575695,4323.338975,4332.391886,4341.944002,4350.228555,4355.478778,4355.927903,4344.163189,4321.340173,4298.544499,4286.861813,4279.091513,4267.137139,4260.740548,4269.643595,4297.99178,4338.954729,4385.810495,4431.837129,4487.193195,4558.99841,4635.972556,4706.835415,4760.306768,4805.226676,4851.205785,4888.119753,4905.844238,4899.192215,4875.168919,4841.938394,4807.664684,4755.988633,4680.396978,4603.822606,4549.1984,4509.812066,4468.245997,4431.375112,4406.074329,4399.218569,4427.370208,4485.609956,4548.590231,4590.963451,4638.893479,4711.125044,4771.181862,4782.587652,4749.952448,4699.855406,4628.773928,4533.185417,4395.421494,4213.428609,4007.106401,3796.354511,3601.072579,3397.824914,3169.34402,2944.781836,2753.290296,2584.093818,2414.712394,2256.741327,2121.775921,2021.411476,1956.119326,1916.071982,1897.416515,1896.3,1926.61304,1994.054992,2082.486054,2175.766426,2257.756307,2341.688194,2441.754908,2543.257134,2631.495559,2709.414306,2787.433199,2862.066477,2929.82838,2996.553978,3064.836142,3126.325818,3172.673949,3204.826648,3228.834131,3244.003493,3249.641832,3245.056243,3225.993681,3192.895761,3152.111572,3109.990203,3071.593195,3032.501709,2984.844264,2920.749376,2847.767191,2771.969874,2683.268976,2571.576044,2419.309442,2229.849855,2024.552319,1824.771866,1651.863532,1481.86755,1295.269801,1120.09379,984.3630233,895.6137668,834.930777,790.6602951,751.1485622,726.7533293,726.4667989,736.5868892,743.4115183,745.2551592,751.2286268,763.824353,785.5347695,818.8523081,874.8241195,951.5955765,1032.306444,1100.096486,1163.61241,1236.601991,1309.856598,1374.167603,1420.326376,1441.462317,1444.865213,1442.567007,1446.599643,1451.766995,1448.750651,1443.399132,1441.560956,1449.084642,1467.428135,1491.654213,1518.018645,1542.777202,1570.387955,1603.667516,1636.409466,1662.407387,1686.192235,1712.312959,1734.590136,1746.844342,1750.508717,1750.183971,1744.442039,1731.854854,1710.994351,1675.479415,1626.239259,1572.811309,1524.732992,1474.405246,1414.747214,1356.073626,1308.699214,1270.565654,1234.237027,1201.961666,1175.987902,1160.087349,1153.539226,1151.853274,1150.539236,1145.106854,1137.767007,1132.26682,1126.420395,1118.041838,1107.774335,1097.350064,1086.216621,1073.821597,1059.915502,1044.725483,1028.414092,1011.143882
11,Sample,2010,20100624,225.1,14.2,52.2,2171.2,SNP,89,AX11,2779954,1166054,595,619.8113888,639.9706319,662.2380903,687.219526,715.5207011,747.8370227,783.1625725,819.5511236,855.0564494,896.0100445,945.9217349,998.6127915,1047.904485,1087.618086,1119.602291,1147.957472,1169.882416,1182.575908,1179.278706,1160.256166,1133.243973,1105.97781,1086.193364,1070.189679,1051.431215,1033.401774,1019.585158,1011.479379,1006.782556,1003.278652,998.7516293,994.1301168,990.8838687,987.6085364,982.8997714,977.712894,973.2957123,968.6826092,962.9079677,955.0061706,940.7097517,920.5414029,900.7207449,887.4673981,868.7450284,839.7323778,817.4716814,819.0051745,834.4307649,851.1162129,882.0085329,940.054739,1028.557692,1139.403073,1268.412124,1411.406088,1564.20621,1742.562589,1950.672866,2167.029595,2370.125331,2578.427788,2807.729099,3032.508445,3227.245007,3402.961143,3578.338345,3739.344497,3871.947479,3968.675004,4037.632053,4088.152405,4129.569841,4171.218141,4203.361067,4217.368459,4224.23322,4234.94825,4247.942849,4255.886968,4261.134482,4266.03927,4272.955207,4280.423985,4285.792002,4289.620192,4292.469492,4294.49674,4295.701683,4296.409619,4296.945847,4297.635664,4292.660886,4281.033981,4270.32623,4268.108909,4268.199625,4265.394002,4268.730346,4287.246967,4327.520063,4383.033556,4443.187339,4497.381303,4555.965351,4628.758408,4704.363892,4771.385225,4818.425827,4847.042309,4866.830443,4878.452387,4882.570301,4874.727523,4853.963771,4826.185772,4797.300253,4757.485191,4702.486478,4646.56271,4603.972482,4566.97391,4523.911533,4483.173583,4453.148295,4442.2239,4463.232699,4509.680476,4560.965692,4596.486807,4646.989708,4728.539187,4798.512055,4814.285128,4779.201418,4723.747946,4646.017544,4544.103041,4398.819602,4206.900107,3990.31396,3771.030565,3571.019324,3366.630149,3138.717886,2916.009343,2727.231329,2563.223968,2402.221568,2254.042214,2128.503993,2035.424989,1975.793071,1941.195202,1927.348111,1929.968525,1962.962942,2032.22737,2121.462807,2214.370249,2294.650693,2374.041242,2467.062532,2561.590857,2645.502516,2721.227524,2796.978535,2869.305804,2934.759584,2999.814255,3067.483662,3129.127252,3176.104474,3209.861809,3236.433296,3254.059719,3260.981864,3255.440514,3232.735123,3194.52899,3148.60866,3102.760683,3060.534605,3016.252847,2963.861271,2897.305741,2824.558638,2750.448482,2664.205344,2555.059295,2406.698385,2223.218471,2024.461333,1830.268752,1660.48251,1491.0273,1303.7403,1127.332007,990.5129199,900.2233556,836.9971499,789.9350796,748.1379217,721.3774223,718.1171676,725.4956947,730.6515404,731.9495405,737.8992078,750.8560955,773.1757565,807.213744,863.9794523,941.7752523,1023.896162,1093.637198,1160.484574,1238.244822,1316.693443,1385.605935,1434.757796,1458.190532,1464.109588,1463.536372,1467.492296,1469.428366,1460.482169,1448.204989,1440.148108,1443.862808,1460.578816,1483.770761,1509.357279,1533.257005,1560.466945,1594.24632,1627.907082,1654.761184,1679.741982,1707.68235,1731.743518,1745.086716,1748.583635,1747.103128,1739.802164,1725.837712,1704.36674,1669.362635,1621.411493,1569.589348,1522.972236,1473.221353,1413.388198,1354.63426,1308.121028,1273.387841,1242.624345,1215.967493,1193.554239,1179.049453,1173.116368,1171.389484,1169.503296,1163.092304,1154.111047,1146.226613,1137.642323,1126.561498,1113.52137,1099.952556,1085.398461,1069.402489,1051.751061,1032.625783,1012.162839,990.4984126
12,Sample,2010,20100624,225.1,14.2,52.2,2198.3,SNP,NA,AX12,2779955,1166055,652,631.3603302,649.805135,670.3161197,693.4351629,719.7041428,749.7237099,782.5872008,816.5755236,849.9695863,888.6145041,935.6917778,985.4868939,1032.285339,1070.372599,1101.83004,1130.438293,1153.031747,1166.444791,1164.720777,1148.631731,1125.105054,1101.06815,1083.448419,1068.295173,1049.66555,1031.498692,1017.733741,1009.51916,1004.202228,1000.020307,995.2107611,991.1447853,989.1060363,987.200568,983.534434,978.5100766,973.4800439,967.9755479,961.5278008,953.668015,940.6147507,922.6328555,905.3229721,894.2857433,878.0961082,852.2702884,832.8208501,835.7603596,850.9611256,866.6210367,896.2410294,953.3220402,1041.265604,1151.563034,1279.849933,1421.761904,1572.93455,1749.16363,1954.805912,2168.338521,2368.238578,2572.568981,2797.164203,3017.158736,3207.687069,3377.294176,3544.006989,3697.182938,3826.179452,3925.761592,4002.146528,4061.869856,4111.467169,4157.474062,4189.037923,4200.02796,4204.062491,4214.759835,4231.079871,4243.650698,4253.59296,4262.027301,4270.074368,4277.442446,4282.993562,4286.578969,4288.049919,4285.749142,4279.41791,4271.00529,4262.460352,4255.732164,4243.836721,4224.671502,4207.507805,4201.616929,4202.092139,4202.417993,4209.452722,4230.054557,4272.787105,4332.89198,4397.244426,4452.71969,4508.078504,4574.601254,4642.942664,4703.757457,4747.700356,4776.895659,4799.014885,4813.033594,4817.927347,4808.419579,4784.966328,4755.142053,4726.521214,4689.309312,4638.071237,4586.920534,4549.970749,4520.008034,4485.511419,4454.133761,4433.52792,4431.346755,4464.534996,4527.33061,4593.326309,4636.114807,4681.421272,4749.376521,4805.181741,4814.038117,4778.630167,4723.618527,4647.168565,4547.445646,4407.151905,4223.404897,4015.993125,3804.705089,3609.329292,3407.995074,3183.632564,2963.231451,2773.781425,2602.870854,2429.111972,2266.030264,2127.151214,2026.000305,1964.813148,1932.077629,1920.69765,1923.57711,1954.798959,2022.419744,2110.303759,2202.315298,2282.318658,2363.026487,2458.610555,2555.123835,2638.619301,2711.446411,2783.296192,2851.233975,2912.325092,2970.620828,3028.504866,3080.541131,3121.293546,3151.556458,3175.201869,3191.410192,3199.361843,3198.237233,3186.473611,3164.749382,3135.606694,3101.587697,3068.248831,3034.011938,2990.717266,2930.205062,2858.150689,2780.492719,2689.466211,2577.306223,2427.183613,2241.125792,2039.652642,1843.284047,1672.539891,1503.777034,1318.166163,1143.447903,1007.36288,916.6244575,852.4745328,804.4465343,762.0738899,735.1426184,731.8010578,739.1261142,744.1946937,745.2660893,750.8925886,763.5905904,785.8764932,820.2666957,878.5708172,958.9817748,1043.590914,1114.489582,1181.008114,1257.749808,1334.715448,1401.905821,1449.321709,1469.801913,1471.279862,1466.39829,1467.799928,1469.470984,1461.551142,1450.913351,1444.430562,1448.975724,1465.862389,1489.20472,1515.076585,1539.551851,1567.936486,1603.304184,1638.380406,1665.890612,1690.51433,1717.483861,1740.353825,1752.678845,1755.692071,1754.116481,1746.741435,1732.356295,1709.75042,1671.430592,1618.181584,1561.209743,1511.721416,1462.593661,1405.424297,1349.500804,1304.110668,1268.343854,1235.671698,1206.953738,1183.049514,1167.49442,1160.51019,1157.985871,1155.810508,1149.873148,1141.913483,1135.342508,1128.556219,1119.950615,1109.998445,1099.981799,1089.510678,1078.195084,1065.82377,1052.52975,1038.439418,1023.67917
13,Sample,2010,20100624,225.1,14.2,52.2,2312,SNP,77,AX13,2779956,1166056,710,637.6539944,651.2539122,667.5579363,687.157352,710.6434447,738.6965812,770.3388079,803.6739296,836.8057507,876.0297684,924.7954209,976.9374245,1026.290495,1066.68935,1100.826462,1132.816999,1158.629714,1174.233363,1173.466446,1157.617735,1133.83139,1109.251567,1091.022426,1074.776194,1054.440757,1034.603758,1019.852844,1011.516079,1006.498134,1002.751562,998.2289143,994.1414809,991.9302964,989.8925328,986.3253623,982.2045158,978.8915865,975.2625399,970.1933416,962.5599571,948.2571595,928.025998,908.0118524,894.3601024,874.7061666,844.159305,820.0756598,819.811373,832.4042779,845.0770179,872.4629501,929.1954315,1019.085099,1132.819958,1265.349419,1411.622895,1566.589795,1747.262102,1958.791358,2178.33632,2383.05574,2590.593904,2817.609502,3039.782902,3232.794471,3406.485771,3578.593124,3736.639037,3868.146016,3966.375922,4038.388849,4092.404652,4136.64319,4179.324319,4209.149788,4218.719825,4222.102,4233.363887,4250.830912,4264.613188,4276.455317,4288.1019,4301.297538,4319.58562,4341.480402,4361.182778,4372.893647,4375.603829,4373.031884,4366.470311,4357.211611,4346.548286,4324.484156,4289.673705,4256.385424,4238.887803,4229.891713,4218.801023,4214.923721,4227.567794,4267.257978,4327.975579,4394.213445,4450.464421,4506.272806,4574.61196,4645.118317,4707.428311,4751.178378,4778.686843,4798.572127,4809.92081,4811.819469,4800.085509,4775.293568,4743.666075,4711.42546,4663.947929,4596.160205,4528.610494,4481.847002,4450.679589,4419.981874,4395.397703,4382.570921,4387.145373,4425.91329,4494.567387,4567.102245,4617.512442,4674.613493,4758.306497,4829.2144,4847.960153,4817.072311,4764.357589,4688.356166,4587.608223,4444.181514,4255.110533,4041.385568,3823.996912,3623.934854,3415.72608,3180.530952,2949.290273,2752.944847,2581.614691,2412.10595,2255.388619,2122.432691,2024.208162,1961.949815,1926.001157,1910.995275,1911.565255,1942.312851,2010.285455,2098.784598,2191.111815,2270.568638,2348.098131,2438.172598,2529.387429,2610.338014,2682.609901,2754.168225,2823.177761,2887.803281,2954.364093,3024.447514,3089.120329,3139.449325,3178.056682,3211.670897,3237.518234,3252.824959,3254.817336,3240.00435,3210.653595,3172.629242,3131.795465,3091.848901,3048.674944,2996.420905,2929.234096,2852.757689,2771.45191,2677.689654,2563.843815,2413.469931,2228.45467,2028.667619,1833.978364,1664.256494,1497.170893,1314.69648,1143.161893,1008.895772,917.8578425,852.1255849,802.2042705,758.5991702,731.4015963,728.1012315,735.3009026,739.6034364,739.2320765,743.0730717,753.7237562,773.7814641,805.8435298,860.1002732,934.5800087,1013.637062,1081.625758,1148.123748,1226.202322,1305.456261,1375.480349,1425.869367,1451.133064,1459.677849,1461.94349,1468.369759,1472.907952,1467.125678,1457.887174,1452.05668,1456.498434,1471.993171,1492.748924,1515.770885,1538.064242,1563.664178,1594.85227,1626.003297,1651.492037,1675.982799,1703.621136,1728.003694,1742.727117,1749.869246,1754.229759,1753.488057,1745.323538,1727.415604,1693.681901,1645.991521,1593.951029,1547.16699,1497.148401,1436.493512,1376.442767,1328.236609,1291.504798,1258.412867,1229.00492,1203.325059,1184.114804,1171.976585,1163.745871,1156.258132,1146.348838,1135.722739,1126.957504,1118.197973,1107.58899,1095.56965,1083.608939,1071.396533,1058.622107,1045.112834,1030.972813,1016.30711,1001.220791
14,Sample,2010,20100624,225.1,14.2,52.2,2294.3,SNP,NA,AX14,2779957,1166057,768,624.1907739,642.4261512,662.8878879,686.1413238,712.7517987,743.337914,776.9489094,811.7960819,846.0907285,885.9438675,934.6845572,986.3511548,1034.982017,1074.615502,1107.534707,1137.655092,1161.46356,1175.447013,1173.313977,1156.025543,1130.947468,1105.445506,1086.885412,1071.002341,1051.466268,1032.545178,1018.507059,1010.574279,1005.87424,1002.532469,998.6744957,996.3724204,997.017658,997.7147073,995.568067,991.1235685,986.4752675,981.0500001,974.2746022,965.5759098,950.5601861,929.490786,908.780183,894.8408504,875.4151828,845.4865994,822.3291104,823.216726,838.0732356,854.1602058,884.7583121,943.1482303,1033.511633,1147.636435,1280.212675,1425.930392,1579.479624,1756.919631,1963.508578,2177.734857,2378.086862,2581.279396,2802.952445,3019.982173,3209.244743,3379.943557,3548.966743,3704.717556,3835.599253,3937.921844,4018.820015,4082.934035,4134.904176,4179.370707,4202.690984,4200.342689,4190.646584,4191.923429,4201.10345,4204.994584,4206.734164,4209.459519,4216.307981,4229.411061,4246.144836,4262.513482,4274.521176,4283.505971,4292.393857,4299.570911,4303.423208,4302.336828,4286.499022,4256.940777,4228.313778,4215.269709,4214.563504,4215.680149,4222.366404,4238.36903,4269.601882,4313.762689,4362.274019,4406.55844,4454.483565,4513.69214,4575.269432,4630.300709,4669.871237,4696.835473,4718.845355,4734.182378,4741.128033,4738.030956,4726.027286,4707.579771,4685.151161,4644.370514,4582.916722,4521.327283,4480.139695,4453.99581,4427.497943,4406.124276,4395.352993,4400.662276,4440.814641,4511.972927,4585.715802,4633.621938,4681.1248,4749.602455,4804.550473,4811.464426,4769.060392,4701.604857,4612.918992,4506.823973,4367.417326,4188.268424,3987.406215,3782.859644,3592.657657,3396.436401,3178.61996,2964.41919,2779.044947,2609.901524,2436.697191,2273.098769,2132.773078,2029.38694,1963.476647,1923.548259,1905.223243,1904.123066,1934.261608,2001.674365,2090.015232,2182.938101,2264.096868,2347.131215,2446.560981,2547.360293,2634.50328,2709.780777,2783.548313,2853.627057,2917.83818,2981.545843,3046.716826,3106.07622,3152.349114,3187.688277,3217.409603,3238.982871,3249.87786,3247.564347,3227.910496,3193.17133,3150.396918,3106.637328,3064.646074,3019.223786,2965.491212,2898.569098,2825.970047,2751.58453,2665.100097,2556.204299,2409.37672,2228.642426,2033.007188,1841.476779,1673.056971,1503.006425,1313.777769,1135.167723,996.9730063,905.6478257,840.9591531,792.6728569,750.5548051,725.0736235,724.2733257,734.2828625,741.2311846,743.7603572,751.152194,765.4952691,788.8781566,823.3894303,879.6830453,956.2441592,1036.90815,1105.510395,1171.436541,1248.082766,1325.300245,1392.940156,1440.853675,1462.34109,1465.527412,1462.500908,1465.349845,1468.251653,1461.739491,1452.435222,1446.960709,1451.937815,1469.242889,1493.241141,1519.287729,1542.737811,1567.623828,1597.514678,1627.070203,1650.950246,1673.166458,1697.47216,1718.139697,1729.441413,1733.193055,1733.80386,1729.436414,1718.253303,1698.417111,1663.51876,1614.864637,1562.190523,1515.232199,1465.596141,1405.857568,1347.205386,1300.828499,1266.676257,1236.978342,1211.344158,1189.383109,1174.594342,1167.989898,1165.448519,1162.848946,1156.069922,1146.722254,1138.280451,1129.418809,1118.811622,1106.861085,1094.629232,1081.780124,1067.977822,1053.070303,1037.194426,1020.447575,1002.927132
15,Sample,2010,20100624,225.1,14.2,52.2,2202,SNP,83,AX15,2779958,1166058,825,624.9093395,643.7680297,664.8425865,688.7120211,715.9553449,747.2175663,781.5311812,817.0564314,851.9535586,892.3312448,941.5409497,993.6070815,1042.554049,1082.406259,1115.386699,1145.497839,1169.433313,1183.886758,1182.923107,1167.326598,1143.869826,1119.325385,1100.465871,1083.036994,1061.360658,1040.073744,1023.813132,1012.548764,1002.973506,994.8086323,987.7754167,983.7102877,982.8793659,982.6484627,980.3833894,977.5572145,976.3009627,974.9673802,971.9092131,965.4792075,951.2190566,930.2833782,909.4443053,895.4739708,875.974981,845.6395098,821.8740414,822.0850601,836.0694546,851.021745,880.4448626,937.8417386,1027.172953,1139.970109,1271.09267,1415.4001,1567.751862,1743.816968,1948.794942,2161.841014,2362.110418,2568.122095,2795.043525,3017.002736,3208.127761,3376.923124,3542.253794,3693.78847,3821.19585,3918.33192,3991.003941,4046.807528,4093.338294,4138.191853,4169.931611,4181.535452,4187.220716,4201.204743,4223.670212,4245.095907,4265.14332,4283.473946,4299.749276,4314.308441,4327.172214,4337.524554,4344.54942,4347.93158,4348.086717,4345.295159,4339.837233,4331.993268,4312.064212,4279.532231,4248.449477,4232.868102,4226.586682,4219.241766,4218.642465,4232.597887,4270.335359,4326.886773,4388.76808,4442.495233,4496.626183,4562.272515,4629.780636,4689.496951,4731.767866,4758.075121,4776.845479,4788.842873,4794.831239,4792.052976,4779.48704,4760.5022,4738.467224,4702.886989,4651.353093,4599.36438,4562.419695,4533.904811,4501.540031,4472.325997,4453.263351,4451.352738,4483.584309,4544.729201,4608.459526,4648.4474,4690.736944,4755.533083,4807.749142,4812.298443,4767.884482,4698.902912,4608.805299,4501.043202,4360.476851,4181.308437,3981.002468,3777.023453,3586.835901,3388.514251,3166.59011,2948.213739,2760.535397,2591.717301,2420.465802,2259.74736,2122.528436,2021.77549,1959.068143,1923.372253,1908.733631,1909.198088,1938.099172,2002.47532,2086.929675,2176.065383,2254.485588,2333.564317,2426.798835,2521.977142,2606.887238,2684.384744,2763.042439,2839.224058,2909.293339,2980.73394,3056.517133,3126.238075,3179.491925,3218.930881,3252.235217,3276.542208,3288.989126,3286.713246,3264.731167,3225.453503,3177.108548,3127.924598,3079.354972,3025.354625,2962.904306,2888.984764,2810.199601,2729.136699,2636.753218,2524.006322,2375.638222,2194.819409,2000.149464,1810.22797,1643.654507,1477.000277,1293.118105,1120.030019,985.7580429,897.1466624,835.2430413,789.3732221,748.8632474,723.4098089,721.2628792,729.5784225,735.5124029,737.5926079,744.3650704,758.0131222,780.7200953,814.6693216,870.5428402,946.7614751,1027.116736,1095.400131,1160.401942,1235.407601,1310.951345,1377.567414,1425.790044,1449.691206,1456.856778,1458.091855,1464.201535,1469.611694,1465.758936,1458.964451,1455.549427,1461.835052,1478.896849,1501.438145,1526.221832,1550.010804,1577.499756,1611.090322,1644.105805,1669.86951,1693.207286,1719.156591,1741.35814,1753.452647,1755.976523,1753.312023,1744.868627,1730.055818,1708.283077,1673.570312,1626.30659,1575.455124,1529.979129,1483.643598,1429.715605,1376.411481,1331.94756,1294.679976,1258.73696,1225.992987,1198.322535,1178.227733,1165.073348,1156.027807,1148.259538,1138.93697,1129.872826,1123.269158,1116.878384,1108.452923,1098.582971,1089.069556,1079.481351,1069.387026,1058.522653,1047.012347,1035.00684,1022.656864
16,Sample,2010,20100624,225.1,14.2,52.2,2138,SNP,84,AX16,2779959,1166059,882,627.4460166,644.9662226,664.7893829,687.4872943,713.6317535,743.8640002,777.2311085,811.9136268,846.0921032,885.8640652,934.5624857,986.2210813,1034.873569,1074.553664,1107.698631,1138.286973,1162.664271,1177.176101,1175.584243,1158.909014,1134.383807,1109.242015,1090.717029,1074.669193,1054.92817,1035.68134,1021.116079,1012.274549,1006.329225,1001.662952,996.6585777,993.1764968,992.4183784,991.7789806,988.6530615,983.4127514,977.8945866,971.6899341,964.3901608,955.5866333,940.8238577,920.2564971,900.3911545,887.7344327,870.4595104,843.4338018,823.2052631,826.3218505,843.6059169,862.9399567,896.4621383,956.3106303,1046.189214,1158.540945,1288.612903,1431.652169,1582.90582,1757.526826,1960.267114,2170.772206,2368.687624,2570.584297,2791.352935,3008.118735,3198.00689,3370.876349,3543.412909,3702.982041,3836.949215,3941.628957,4024.947886,4091.689614,4146.637752,4194.575911,4223.83942,4229.791028,4227.755476,4233.057506,4241.634424,4242.351713,4239.926369,4239.075387,4244.515767,4257.4007,4273.281077,4288.470443,4299.282339,4307.311155,4315.662882,4322.918468,4327.658862,4328.46501,4315.652637,4290.054045,4266.025048,4257.921463,4261.541622,4266.329549,4277.109599,4298.706127,4341.405276,4402.407307,4466.907752,4520.102143,4568.260968,4623.172508,4678.308984,4727.142616,4763.145626,4788.914331,4809.763809,4823.244414,4826.9065,4819.700407,4803.499494,4780.23865,4751.852764,4704.141909,4635.235325,4565.561651,4515.549524,4477.690327,4436.074379,4398.528716,4372.880375,4366.956395,4398.038784,4460.56244,4528.083742,4574.159064,4624.380844,4698.300895,4760.414656,4775.217565,4747.387218,4702.453472,4636.190151,4544.37108,4411.029006,4235.254386,4035.407616,3829.849093,3636.939213,3430.864415,3195.330694,2962.977784,2766.445419,2593.86018,2420.125146,2258.044801,2120.423628,2020.066111,1960.70876,1931.567005,1923.663712,1928.021741,1957.585943,2021.392843,2104.602825,2192.37627,2269.873561,2348.714404,2441.96652,2536.962312,2621.034183,2697.852716,2776.284917,2851.457826,2918.49848,2983.597578,3050.695019,3111.541641,3157.888283,3189.943082,3213.252666,3227.575615,3232.670505,3228.295917,3211.716968,3183.299007,3147.450959,3108.581747,3071.441058,3032.909286,2985.591415,2922.092429,2848.894072,2771.609047,2681.538769,2569.984656,2420.383511,2235.349432,2034.949773,1839.251888,1668.323133,1498.403687,1311.203316,1134.993753,998.0467311,906.4758889,840.9703033,791.6648634,748.6944584,722.4814027,720.8575328,730.0720199,736.3740355,738.3691853,745.2454061,759.1253653,782.1317307,816.3871698,872.8520293,949.9617236,1031.051522,1099.456694,1164.088525,1238.655809,1313.690077,1379.72286,1427.285689,1449.537065,1453.941786,1452.490835,1457.175191,1462.760273,1460.028793,1454.997681,1453.683865,1462.104273,1482.383596,1509.336645,1538.015528,1563.472354,1589.738209,1620.592741,1650.710899,1674.76763,1696.396475,1719.448223,1738.923703,1749.823744,1753.633894,1754.024383,1749.273061,1737.657778,1717.456384,1683.090328,1635.962876,1584.824603,1538.426085,1488.252764,1427.50798,1367.519151,1319.613695,1283.187672,1250.322036,1221.37155,1196.690977,1179.378075,1169.871474,1164.537248,1159.74147,1151.850214,1142.530997,1134.813817,1127.108467,1117.824737,1107.383853,1097.050957,1086.501721,1075.411816,1063.611942,1051.218407,1038.335296,1025.066696
17,Sample,2010,20100624,225.1,14.2,52.2,2132.1,SNP,85,AX17,2779960,1166060,940,628.2876441,648.548266,670.6703189,695.1984417,722.6772732,753.6962701,787.3391307,821.8918561,855.6404472,894.3857247,941.2885412,990.6749455,1036.870986,1074.202713,1104.364495,1131.098261,1151.801399,1163.8713,1161.211958,1144.177268,1119.839468,1095.270794,1077.543482,1063.229556,1046.322466,1030.02659,1017.546307,1009.717136,1004.366792,1000.187944,995.8732613,993.0956108,992.8154337,992.6567611,990.2436245,986.3501146,982.7679518,978.6476122,973.1395719,965.3943071,951.2123784,931.107969,911.3019893,898.0153498,879.0816172,849.5648592,826.5317371,827.0489123,840.4840007,854.3041202,882.7251854,939.9631109,1030.101636,1144.162468,1276.768467,1422.542498,1576.107422,1753.551538,1960.303988,2174.998902,2376.27041,2582.052664,2807.852535,3028.66324,3219.477994,3388.949921,3555.379167,3708.229485,3836.964623,3936.145711,4011.775144,4070.47857,4118.88164,4163.610001,4193.890451,4203.603775,4206.35661,4215.755593,4229.888169,4239.210441,4245.882037,4252.062581,4259.911702,4269.575976,4279.068275,4287.34767,4293.373234,4296.785836,4298.250896,4298.264308,4297.321967,4295.919766,4286.537654,4268.345098,4251.872267,4247.649332,4252.319455,4258.261364,4269.608581,4290.49463,4328.713059,4381.68888,4438.002807,4486.235555,4533.014824,4587.732431,4643.115263,4691.890209,4726.784159,4748.691147,4763.709908,4772.374374,4775.218476,4770.25743,4756.937473,4737.939066,4715.942668,4680.979566,4631.033848,4580.715184,4544.633242,4517.018734,4486.349242,4458.604744,4439.76522,4435.810649,4459.704291,4507.140348,4558.195205,4592.945249,4636.577051,4704.275947,4761.116474,4772.173166,4742.420766,4696.736948,4630.050653,4537.290819,4403.60211,4229.179703,4031.528314,3828.152656,3636.557441,3429.995217,3192.479174,2957.654998,2759.168373,2586.11495,2413.130491,2252.170848,2115.191871,2014.149412,1950.529804,1914.014036,1898.849943,1899.285358,1929.430476,1996.4466,2084.15822,2176.38983,2256.965922,2337.756718,2432.912453,2529.677633,2615.296766,2693.178986,2772.23855,2847.977652,2915.898482,2982.890513,3052.538247,3115.386421,3161.97977,3193.189315,3215.662673,3228.609478,3231.239367,3222.761972,3196.996401,3154.455935,3104.391474,3056.053917,3013.798637,2971.108545,2920.925847,2856.19275,2784.872033,2712.499425,2628.376556,2521.805054,2376.591503,2196.715593,2001.738614,1811.221852,1644.726597,1479.066407,1296.477532,1124.655299,991.2950346,902.7678465,840.182447,793.3405714,752.0439547,726.4594496,724.6637587,733.3233925,739.1048618,740.264191,745.5475857,757.3568279,778.0936996,810.1599829,863.9196925,937.6387324,1015.571719,1081.973267,1145.614828,1219.486231,1294.169661,1360.247302,1408.301337,1432.435134,1440.178074,1442.251364,1449.376211,1456.233079,1454.374054,1449.827767,1448.622851,1456.78794,1476.081551,1501.373375,1528.358808,1552.733246,1578.685846,1609.516455,1639.586501,1663.257413,1684.744269,1708.145752,1727.648701,1737.439952,1738.279066,1734.317712,1724.830893,1709.093615,1686.38088,1650.569358,1602.124091,1550.202644,1503.962581,1455.916981,1399.074834,1343.337577,1298.606642,1264.300047,1233.533574,1206.755309,1184.413336,1169.749816,1163.100559,1160.554131,1158.199097,1152.124021,1144.158117,1137.595797,1130.723424,1121.82736,1111.43334,1100.912472,1089.819189,1077.707919,1064.364882,1049.962216,1034.633228,1018.511227
25,Sample,2010,20100624,225.1,14.2,52.2,1890.1,SNP,NA,AX18,2779961,1166061,998,621.0610686,640.9705003,663.0467113,687.8911315,716.1051906,748.3301461,783.5470007,819.8668022,855.400598,896.6068858,947.0093152,1000.316662,1050.237704,1090.481216,1122.557636,1150.57643,1172.144917,1184.870417,1182.445684,1165.00739,1139.828724,1114.182875,1095.343034,1079.736858,1061.220188,1043.208483,1029.117203,1019.745895,1012.741252,1006.789459,1000.576697,995.3404246,992.0182718,988.8466802,984.0620916,978.3341081,973.0261997,967.415609,960.7795789,952.3953523,937.9717741,917.8960875,898.4631323,885.9677486,868.7150108,841.7902544,821.6587105,824.7856102,841.6874281,860.2239708,892.875468,952.1221492,1041.61421,1153.639853,1283.636315,1427.040832,1579.290644,1756.528683,1963.256298,2177.448349,2377.079697,2579.362468,2800.441439,3016.690443,3204.483314,3371.688699,3535.527702,3686.402843,3814.716641,3915.871232,3995.300146,4058.452991,4110.779378,4157.728915,4189.533384,4201.253367,4205.581669,4215.211097,4225.794776,4227.637012,4225.407385,4223.775475,4227.410861,4236.375695,4246.774693,4257.341281,4266.808887,4276.414643,4287.181118,4297.519889,4305.842538,4310.560644,4306.688008,4295.538621,4284.974344,4282.857035,4282.04272,4276.410819,4275.358288,4288.282084,4322.725508,4372.553472,4426.645342,4473.880487,4522.481695,4582.020526,4643.399504,4697.521152,4735.287995,4759.14078,4776.6605,4786.460049,4787.152319,4773.976783,4747.692566,4715.192043,4683.367584,4639.24689,4577.52279,4516.585355,4474.824653,4447.42739,4420.66098,4399.536561,4389.065269,4394.258242,4430.658825,4494.573077,4562.156205,4609.563418,4663.340222,4741.721672,4808.397296,4827.056625,4802.664547,4760.958147,4696.785252,4604.993688,4469.819402,4291.298805,4087.980417,3878.412756,3681.144343,3468.593724,3223.977788,2982.042565,2777.534086,2598.47592,2418.500761,2250.768325,2108.43833,2004.670491,1942.638693,1911.032793,1901.286467,1904.833388,1935.942998,2003.831508,2092.352754,2185.36057,2266.70879,2347.632776,2442.105494,2538.087186,2623.538092,2701.526818,2780.560977,2856.759329,2926.240632,2996.593646,3070.900888,3138.521748,3188.815618,3224.215262,3252.572118,3271.373584,3278.107063,3270.259955,3240.369549,3190.364618,3131.819788,3076.309681,3024.882983,2969.190846,2906.711601,2834.923575,2762.603549,2692.028551,2610.927285,2507.028451,2366.546627,2195.230695,2010.110816,1828.217151,1666.57986,1500.803023,1315.004282,1138.984141,1002.543106,910.9764297,843.9547473,792.8416321,749.0006577,722.5431907,720.3756707,729.0542802,735.1352015,737.4159063,744.9362896,759.6161691,783.3753627,818.1336884,874.914067,952.3167801,1033.627687,1102.132645,1166.625555,1240.791561,1315.253392,1380.633778,1427.555448,1449.043075,1452.520795,1450.210531,1454.334207,1459.612536,1456.563818,1451.106355,1449.158451,1456.638408,1475.295826,1500.158239,1527.060853,1551.838875,1578.205182,1609.244344,1639.849101,1664.912193,1689.600241,1717.696203,1742.017331,1755.380874,1758.839159,1757.568308,1750.571269,1736.850987,1715.410407,1680.032924,1631.358942,1578.676919,1531.275318,1481.602131,1422.672624,1364.626169,1317.602137,1280.546071,1246.311638,1215.900399,1190.313912,1172.692044,1163.050627,1157.705172,1152.971191,1145.164195,1136.226868,1129.166337,1121.894773,1112.324352,1101.085426,1089.853114,1078.106738,1065.325618,1051.241688,1036.042297,1019.889888,1002.946905
26,Sample,2010,20100624,225.1,14.2,52.2,2009.9,SNP,NA,AX19,2779962,1166062,1055,628.8263824,647.4336414,668.162423,691.5779919,718.2456127,748.7909315,782.2692102,816.8901375,850.8634018,890.2531763,938.3595174,989.2459392,1036.975956,1075.613081,1107.031633,1135.156169,1157.125557,1170.07867,1167.971988,1151.332819,1127.156268,1102.437439,1084.171437,1068.37001,1049.084915,1030.37127,1016.284193,1007.858809,1002.341545,998.1044707,993.5196525,990.1893199,989.2675439,988.4541559,985.4489872,980.9878492,976.8466768,972.2854872,966.5642974,958.9431244,945.2020964,925.6925448,906.5312921,893.8351605,875.9003294,847.9821604,826.6362494,828.4181921,843.7228764,860.2644493,890.5773953,947.1961989,1032.744817,1139.314643,1263.641319,1402.460486,1552.507785,1730.124894,1938.68055,2155.450986,2357.712433,2564.636939,2793.008995,3016.523506,3208.875372,3379.138573,3546.419278,3699.46067,3827.005937,3921.870263,3990.340597,4041.367767,4083.902601,4126.895927,4160.630777,4176.875724,4186.809906,4201.612463,4220.438349,4235.745461,4248.667349,4260.337567,4271.889665,4282.631979,4291.260981,4297.992427,4303.042071,4307.285732,4310.846174,4312.809578,4312.262123,4308.289989,4290.764347,4259.930889,4230.437573,4216.932361,4213.206505,4208.557005,4210.890442,4228.113399,4270.115354,4331.570644,4397.563136,4453.176697,4508.138306,4575.255993,4644.235196,4704.781357,4746.599915,4767.813,4776.588992,4777.702708,4775.928962,4768.463919,4752.086367,4730.945055,4709.188733,4677.727664,4633.21793,4588.427012,4556.122388,4531.291793,4504.237766,4480.699989,4466.418147,4467.131923,4496.069512,4548.482315,4603.144823,4638.831527,4681.137344,4746.823281,4801.412964,4810.430017,4776.824398,4724.629824,4650.995551,4553.070838,4416.231455,4239.368533,4039.904377,3835.261288,3642.861571,3437.369791,3202.87535,2970.9378,2773.116694,2597.559939,2420.168996,2254.133752,2112.644093,2008.889904,1943.816399,1905.976357,1889.971014,1890.401604,1921.717239,1990.86519,2081.193929,2176.051929,2258.787662,2340.75122,2436.506531,2534.222819,2622.069309,2704.497181,2789.791855,2871.873918,2944.663954,3015.182132,3088.197431,3154.253655,3203.894608,3237.897442,3262.931312,3278.378016,3283.619355,3278.037131,3256.935726,3220.682785,3176.254998,3130.629054,3089.046082,3046.796215,2995.929651,2928.496586,2849.842306,2765.767712,2669.006428,2552.292078,2398.837166,2210.328072,2007.209237,1809.925104,1638.920112,1471.084214,1287.657014,1115.607429,981.9043775,894.0855631,833.9923281,790.0490495,750.6801043,725.9330802,724.7374499,733.840418,739.9891889,741.2643817,746.4183046,758.2056969,779.3812974,812.6998454,868.8326141,945.660653,1026.753365,1095.680153,1161.794324,1238.724684,1316.453887,1384.964588,1434.239442,1457.972433,1464.150162,1464.194208,1469.52615,1474.628008,1470.587501,1463.734763,1460.399926,1466.913125,1484.473977,1507.617972,1532.679047,1555.99114,1581.95412,1613.464701,1644.60209,1669.445493,1691.856602,1716.037794,1736.57931,1748.071388,1752.411063,1753.751957,1750.06919,1739.337881,1719.53315,1684.384908,1635.352516,1582.005274,1533.91248,1482.845271,1421.620045,1361.373998,1313.244322,1276.573111,1243.444846,1214.110298,1188.82024,1170.697781,1160.323302,1154.133478,1148.564983,1140.054494,1130.344349,1122.365154,1114.335984,1104.475914,1093.218351,1081.971457,1070.416437,1058.234496,1045.266482,1031.633448,1017.436911,1002.778386
27,Sample,2010,20100624,225.1,14.2,52.2,1997.3,SNP,NA,AX20,2779963,1166063,1112,619.8786664,638.8917625,660.101163,684.109848,711.5207974,742.9955255,777.5203587,813.1854949,848.0811324,888.5616267,938.1248195,990.576138,1039.721009,1079.36486,1111.489557,1140.183,1162.409669,1175.134045,1171.584081,1152.209703,1124.808343,1097.177433,1077.114407,1060.485847,1040.703667,1021.883294,1008.140158,1000.792134,997.0041953,994.662413,991.6528602,990.3424537,992.3202127,994.3053629,993.0171302,988.984393,984.6115431,979.4310767,972.9754898,964.7772784,950.2802347,929.5774546,909.1753897,895.5804916,877.3477619,849.5097372,828.2891716,829.9088189,843.8808223,858.0893537,886.3152099,942.3391878,1029.391074,1138.801123,1266.500833,1408.421702,1560.495229,1739.952862,1950.963089,2169.862965,2372.989548,2579.389437,2806.442072,3027.983766,3217.850834,3382.35053,3540.355982,3684.552316,3807.624658,3903.314283,3975.314155,4031.236924,4078.695239,4125.30175,4164.06311,4188.137362,4205.364248,4223.583508,4239.644884,4247.70352,4251.557251,4255.003917,4261.841354,4269.614605,4274.728955,4279.272607,4285.333767,4296.04103,4310.661498,4325.491135,4336.825905,4340.961772,4330.689836,4308.927309,4287.159319,4276.870996,4268.353048,4252.731265,4242.743403,4251.127214,4288.032828,4344.945127,4406.604002,4457.749341,4506.980129,4566.934678,4628.411863,4682.210561,4719.129648,4737.226299,4743.940804,4744.146713,4742.717578,4737.811298,4725.950082,4709.553942,4691.04289,4662.982411,4623.59975,4583.807564,4554.518509,4529.962747,4501.286032,4474.774411,4456.713931,4453.39064,4476.912469,4522.491562,4571.070288,4603.591012,4645.164304,4710.594348,4765.363926,4774.955822,4744.108069,4697.175877,4629.067796,4534.692375,4399.109423,4222.691727,4023.317304,3818.86417,3627.210343,3421.829754,3186.248082,2953.420965,2756.304042,2584.340078,2412.875307,2253.720567,2118.686696,2019.584532,1957.893753,1923.307352,1909.956142,1911.970937,1943.576306,2011.954431,2100.672538,2193.297854,2273.397607,2351.733774,2442.723926,2535.418673,2618.868626,2695.711539,2773.417612,2848.286132,2916.616383,2986.018894,3059.610641,3126.950582,3177.597673,3212.557807,3239.240874,3256.811826,3264.435618,3261.277202,3242.872432,3209.833418,3168.939502,3126.970026,3090.39649,3054.663046,3010.008015,2946.669717,2870.55473,2788.904126,2693.957962,2577.956296,2422.865773,2230.365879,2022.26593,1820.375243,1646.503135,1477.461916,1293.376357,1121.024468,987.1842621,900.3399272,842.5184445,800.8120119,762.3128274,736.396584,732.8575022,739.4155711,743.7907796,743.9075487,747.8000699,758.3529885,778.4509494,810.978598,866.670281,943.3714165,1024.633257,1094.007054,1161.013032,1239.244836,1318.36385,1388.031456,1437.909038,1461.848784,1468.148743,1468.139092,1473.150006,1476.986974,1470.630148,1461.171698,1455.703797,1461.318616,1479.918148,1505.519997,1533.389742,1558.792966,1586.881707,1621.251079,1654.831277,1680.552496,1702.348917,1725.384576,1744.434457,1754.273539,1755.787926,1752.666977,1743.890558,1728.438534,1705.290771,1668.120731,1617.705072,1563.67845,1515.675522,1465.310979,1405.168553,1346.336466,1299.902937,1265.772104,1236.182308,1210.723071,1188.98392,1174.779699,1169.216326,1167.819934,1166.116657,1159.632626,1149.869539,1140.663764,1131.043435,1120.036691,1107.905051,1095.412111,1082.339119,1068.467322,1053.720176,1038.205433,1021.980787,1005.103934
28,Sample,2010,20100624,225.1,14.2,52.2,2000.6,SNP,47,AX21,2779964,1166064,1170,642.496649,655.052256,670.3795024,689.0829142,711.7670176,739.1017417,770.078979,802.7862008,835.3108785,874.1104049,922.6917981,974.7169671,1023.847821,1063.746269,1096.923691,1127.63661,1152.164649,1166.787428,1164.972539,1147.668663,1122.377051,1096.598957,1077.835635,1061.830472,1042.280361,1023.616807,1010.271317,1003.811604,1001.138186,999.6817747,996.8730834,994.8659969,995.6617405,996.4620366,994.4686077,989.9887606,984.9277886,978.8843934,971.4572766,962.2451402,947.0817258,926.1713855,905.6687371,891.7283982,871.923339,841.3913385,817.6342267,818.1538341,832.4169206,847.4700605,877.1848057,935.4327082,1026.640599,1142.195365,1276.408641,1423.592061,1578.05726,1756.413437,1964.314405,2179.638724,2380.264952,2582.591381,2802.599015,3017.54049,3204.668438,3372.125151,3536.65507,3688.41405,3817.557949,3919.710187,4000.449187,4064.863312,4118.040924,4165.070383,4195.919638,4206.1588,4209.279478,4218.773284,4230.880413,4235.383673,4236.088587,4236.800681,4241.325478,4250.376126,4260.849436,4270.826423,4278.388105,4283.065889,4286.083572,4288.060753,4289.617033,4291.37201,4289.868103,4284.247271,4279.028422,4278.730464,4276.858762,4270.210172,4268.240844,4280.406926,4310.244548,4351.054667,4396.940665,4442.005924,4496.204546,4565.768756,4639.219119,4705.0762,4751.860564,4786.068564,4817.810785,4841.029137,4849.665533,4835.155438,4800.975686,4759.130239,4721.623057,4674.185917,4607.867153,4542.645571,4498.499971,4471.796659,4448.083761,4431.11281,4424.635344,4432.402896,4472.094949,4541.044621,4612.48391,4659.64481,4709.107955,4781.257152,4840.029163,4849.360748,4808.601896,4743.102851,4655.80076,4549.63277,4408.556558,4226.839358,4022.882658,3815.087943,3621.8567,3420.85815,3195.786482,2974.080628,2783.179523,2611.119144,2436.369711,2272.021525,2131.164888,2026.890099,1959.333966,1917.3372,1897.045959,1894.606403,1924.247161,1991.701918,2080.374415,2173.668397,2254.987607,2336.894766,2434.064044,2533.066351,2620.472597,2698.151232,2775.35129,2849.714555,2918.882812,2989.387482,3063.341925,3131.760836,3185.658915,3228.895082,3268.335567,3299.506027,3317.932121,3319.139507,3298.832084,3260.904611,3213.169029,3163.437279,3111.786183,3052.30959,2983.844984,2905.229849,2821.529061,2733.957243,2635.576503,2519.448945,2371.316692,2193.094296,2002.102509,1815.66208,1651.093761,1485.602084,1303.202638,1131.432754,997.8297643,908.3429376,844.2265867,795.9756092,754.0849028,728.5610076,726.9019889,735.8400325,742.107324,744.3658369,751.4759535,765.467473,788.3701944,822.2139168,877.9655699,954.1833928,1034.28415,1101.684604,1164.801639,1237.134967,1309.725596,1373.614537,1419.842799,1442.13234,1447.591695,1447.34174,1452.503349,1457.716027,1454.232013,1448.091281,1445.333805,1451.99956,1469.071909,1491.488116,1516.219005,1540.235396,1568.062373,1601.892577,1635.198172,1661.451323,1686.526425,1715.421028,1740.292036,1753.29635,1754.394345,1748.949383,1737.222848,1719.476122,1695.970589,1660.157547,1611.540399,1559.45868,1513.251927,1467.365887,1415.009649,1363.667766,1320.824791,1285.285729,1251.633672,1221.020303,1194.597307,1174.460668,1160.379048,1150.01315,1141.023675,1131.071324,1121.736292,1114.833732,1108.376786,1100.378596,1091.359753,1082.910169,1074.64697,1066.187283,1057.314524,1048.152534,1038.829075,1029.471908
29,Sample,2010,20100624,225.1,14.2,52.2,1984.1,SNP,NA,AX22,2779965,1166065,1228,622.5981432,642.4342467,664.3762215,688.995128,716.8620268,748.5991132,783.2489344,819.0130789,854.0931349,894.6640291,944.0668598,996.2524731,1045.171715,1084.775432,1116.819614,1145.305647,1167.552467,1180.879008,1179.172198,1162.788149,1138.749579,1114.079202,1095.799736,1079.672642,1059.754881,1040.512418,1026.411218,1018.991844,1015.175051,1012.497091,1008.494215,1005.222871,1004.541175,1003.687885,999.9017559,993.151327,985.2957528,976.4097142,966.567892,955.8449671,939.5229579,917.3515443,896.1068986,882.5651932,865.4630605,839.5164922,820.4707002,824.0708962,840.8911858,859.3812267,892.099559,951.6047228,1041.169156,1152.754435,1281.952806,1424.356514,1575.557805,1751.505994,1956.772601,2169.883182,2369.363295,2572.276406,2794.223002,3011.534169,3200.540995,3369.852939,3536.842359,3690.984686,3821.755353,3924.627901,4005.789234,4070.784828,4125.160156,4174.460692,4209.734861,4225.93213,4234.449539,4246.684129,4258.897753,4262.713622,4262.570807,4262.908378,4268.165408,4279.470138,4292.665229,4304.261373,4310.769266,4312.225197,4311.344857,4308.658035,4304.694521,4299.984105,4283.218531,4252.995126,4224.702058,4213.727494,4218.514331,4228.359036,4244.93013,4269.896133,4313.672959,4375.624644,4440.841896,4494.415421,4541.805277,4594.595771,4647.063991,4693.48702,4728.141945,4751.503904,4768.277521,4779.084112,4784.544994,4784.824685,4779.642556,4768.952196,4752.707194,4720.84499,4672.856613,4623.026036,4585.637232,4553.191411,4514.362324,4477.69276,4451.725509,4445.003358,4470.019045,4519.855186,4573.939393,4611.699275,4663.653704,4746.01633,4816.756932,4833.845292,4800.216014,4745.750005,4668.836495,4567.864715,4424.650919,4236.01013,4022.829737,3805.997127,3606.399689,3399.292303,3166.317382,2937.943613,2744.639683,2576.684366,2410.842521,2257.311964,2126.29051,2027.975975,1963.994955,1925.883987,1908.705794,1907.523101,1934.803478,1996.638409,2078.526484,2165.966295,2244.456432,2327.348461,2427.397924,2529.209376,2617.387371,2695.768775,2775.398412,2851.692767,2920.068328,2985.571321,3051.507331,3110.681884,3155.900509,3188.27359,3213.142775,3229.660478,3236.979118,3234.251109,3217.591992,3187.475622,3149.591888,3109.630682,3073.019761,3035.934052,2990.184205,2927.580863,2855.016387,2778.586604,2688.90737,2576.594541,2424.332825,2235.143206,2030.145955,1830.461342,1657.209637,1485.86454,1297.02273,1119.488942,982.067912,892.3067109,830.8276828,786.0484724,746.3867243,722.2603208,722.5752547,733.4813374,741.1283801,744.1187404,751.69202,765.9538958,789.0100445,822.966143,878.3080295,953.5524582,1032.851479,1100.357144,1164.8891,1239.459421,1314.508794,1380.477905,1427.80744,1450.529751,1456.391633,1456.405443,1461.583535,1466.19592,1461.394594,1453.514889,1448.892135,1453.861665,1469.511579,1490.559812,1513.78645,1535.971576,1560.569485,1590.002558,1619.503006,1644.303043,1669.876933,1699.753876,1726.248486,1741.67538,1747.925008,1750.702838,1748.046007,1737.991652,1718.576913,1683.107252,1633.041089,1578.644994,1530.185538,1479.734854,1419.572076,1360.274267,1312.418495,1275.125431,1240.956359,1210.649257,1184.942105,1166.800761,1156.362942,1150.124415,1144.580943,1136.228292,1126.615356,1118.679219,1110.997925,1102.14952,1092.564693,1083.38086,1074.236153,1064.768707,1054.801785,1044.473006,1033.892034,1023.168536
47,Sample,2010,20100624,225.1,14.2,52.2,2217.9,SNP,NA,AX23,2779966,1166066,1285,639.7575054,656.0041731,674.6386871,696.2392196,721.3839429,750.7141393,783.2635268,817.1989316,850.6871794,889.987955,938.4980205,990.0898188,1038.635793,1078.008385,1110.331632,1139.657307,1162.749455,1176.372124,1174.328607,1157.395246,1132.795658,1107.753461,1089.492274,1074.028338,1055.167523,1036.81789,1022.887498,1014.806591,1009.988479,1006.315824,1001.671287,997.0853898,994.0319837,991.0587229,986.7132615,981.5710899,976.747129,971.598179,965.48104,957.7525119,944.7318386,926.7919718,909.3702736,897.9041061,880.2525245,852.062174,830.4518017,832.5401546,848.0972955,864.4615151,895.1039021,953.4955451,1043.884476,1157.916727,1290.160393,1435.183565,1587.554335,1763.640531,1968.883782,2181.462879,2379.556616,2578.601735,2794.346095,3005.435169,3190.514425,3359.121405,3527.000019,3682.105295,3812.392262,3913.49457,3992.618356,4055.077378,4106.185392,4151.256156,4179.291329,4185.461619,4184.33436,4190.476883,4199.052608,4199.031542,4195.690899,4194.307893,4200.159739,4216.564463,4239.081693,4261.351041,4277.01212,4287.125912,4296.451056,4304.173648,4309.479786,4311.555566,4302.171211,4281.479157,4261.238817,4253.209605,4251.150491,4246.554816,4247.783554,4263.197679,4300.193343,4353.114986,4410.74601,4461.869817,4515.476715,4581.530542,4650.274995,4711.953771,4756.810568,4788.455712,4814.86751,4832.841631,4839.173746,4829.471124,4806.122898,4776.09753,4746.363484,4701.707586,4636.2272,4570.856604,4526.530071,4499.835885,4475.775933,4457.904898,4449.777461,4454.948304,4491.160364,4556.106173,4623.264808,4666.115346,4709.313465,4772.681553,4822.448751,4824.8442,4779.895647,4711.532374,4621.835824,4512.887438,4368.342257,4183.005364,3975.683265,3765.182466,3570.309475,3367.789445,3140.839922,2918.005998,2727.832766,2559.228837,2390.212797,2232.994706,2099.784624,2002.792609,1943.072253,1910.118496,1898.803427,1903.999134,1941.438349,2018.168214,2116.032431,2216.874705,2302.538738,2385.434836,2481.5017,2577.875622,2661.692898,2733.422255,2801.840866,2866.547685,2927.141668,2989.263464,3053.507519,3111.903483,3156.481007,3188.978655,3215.261655,3233.549656,3242.062304,3239.019245,3220.586836,3188.198053,3147.972475,3106.029681,3066.91611,3026.325778,2977.099633,2912.07862,2838.328855,2761.455714,2672.109037,2560.938662,2410.811973,2224.571434,2022.829508,1826.198657,1655.291344,1487.442817,1304.039544,1131.770815,997.3259226,906.9537529,842.4272821,793.7219346,750.8131343,723.2081993,718.8457362,725.3481026,730.3376562,732.7331207,740.7908198,756.1395111,780.4079522,815.2249004,871.5511874,948.3065224,1029.05798,1097.372634,1162.031224,1236.474877,1311.261254,1376.948014,1424.092815,1446.397535,1451.384365,1450.341435,1454.556879,1458.228581,1452.462572,1443.909195,1439.218794,1445.041713,1462.564446,1486.061941,1511.817228,1536.113333,1564.026488,1598.546141,1632.825142,1660.016342,1684.865404,1712.33942,1735.923383,1749.102286,1752.737325,1751.418036,1744.221915,1730.226462,1708.509172,1672.815618,1623.860022,1571.172862,1524.284617,1474.867234,1415.542024,1357.26351,1310.986213,1277.200047,1248.339639,1223.276584,1200.882476,1184.08785,1174.334802,1168.262261,1162.50916,1153.714427,1143.632896,1135.024625,1126.036386,1114.814953,1101.807888,1088.48256,1074.515451,1059.583041,1043.508675,1026.403467,1008.375562,989.5331017
48,Sample,2010,20100624,225.1,14.2,52.2,2204.1,SNP,NA,AX24,2779967,1166067,1342,641.1753882,655.7371086,672.9514527,693.4365188,717.8104049,746.7576411,779.2461689,813.3192037,847.0199609,886.9092791,936.5669551,989.5646416,1039.473992,1079.866658,1112.970458,1143.065571,1166.802196,1180.830529,1178.757518,1161.352743,1136.010345,1110.124467,1091.089251,1075.03158,1055.662547,1036.752611,1022.072228,1012.379747,1005.137844,999.1734695,993.3135737,988.9703197,986.9406889,985.1288593,981.4390093,976.5587047,972.1075705,967.3878739,961.7018819,954.3518615,941.6153355,923.85434,906.497912,894.9750886,877.5150806,849.7988789,828.4331903,830.0247216,844.3588382,859.2253011,888.2374105,945.0084667,1032.310094,1141.336264,1268.333798,1409.549517,1561.230242,1740.246043,1950.626142,2169.356096,2373.421459,2580.479383,2807.338254,3029.710481,3223.308468,3399.352631,3575.560817,3737.391579,3870.303469,3967.708279,4038.255816,4090.261657,4132.041378,4171.910557,4197.154489,4200.069285,4196.486743,4202.238661,4215.956078,4226.579851,4235.406516,4243.732607,4252.854657,4263.131966,4273.476952,4283.015831,4290.874817,4296.63135,4300.666932,4303.313874,4304.904486,4305.771078,4298.907813,4283.770233,4270.382715,4268.769638,4275.678927,4283.866399,4297.368265,4320.220737,4359.230314,4411.706568,4467.440324,4516.222404,4565.951784,4625.566947,4686.417977,4739.854962,4777.227987,4798.596787,4811.048787,4816.475614,4816.768892,4811.62432,4799.817363,4781.859298,4758.2614,4716.918365,4657.081719,4596.297985,4552.113688,4516.791599,4476.483609,4439.569926,4414.430755,4409.446302,4439.590143,4498.437281,4562.27006,4607.370825,4663.847552,4750.025442,4824.51268,4845.917449,4818.325631,4771.038744,4700.488427,4603.10632,4460.905873,4272.289026,4058.270151,3839.863623,3638.083812,3426.083876,3185.057785,2948.081138,2748.229533,2575.533853,2405.17764,2247.965478,2114.701952,2016.191647,1954.708941,1920.961001,1908.401595,1910.484488,1940.86792,2007.16865,2093.778221,2185.088177,2265.490061,2347.490507,2444.734807,2543.322496,2629.353111,2706.169805,2783.576278,2857.362884,2923.319976,2986.510511,3050.119993,3107.122597,3150.492497,3181.374449,3204.904383,3220.043233,3225.751933,3220.991418,3201.496336,3167.979828,3126.87057,3084.597239,3046.033529,3006.80754,2959.479565,2896.609895,2825.48557,2751.686463,2665.212119,2556.06208,2407.779368,2223.986263,2024.801204,1830.342628,1660.728972,1491.439523,1303.959968,1127.418343,990.9426886,901.2947491,838.6941506,792.4557513,751.8944092,727.6949423,728.2308289,739.349918,746.9000582,749.3042783,755.9924513,769.3226931,791.6531192,825.3418453,880.8707012,956.5009354,1036.259792,1104.174514,1169.363939,1245.025598,1321.304775,1388.346753,1436.296817,1459.117612,1464.713996,1464.144577,1468.467958,1471.808358,1465.386557,1455.906003,1450.070144,1454.582428,1470.491612,1492.089771,1515.945327,1538.626702,1563.990898,1594.674637,1625.415915,1650.952733,1676.758991,1706.741572,1733.287941,1748.785563,1755.020135,1757.578098,1754.54803,1744.018511,1724.07812,1688.265789,1638.030775,1583.327139,1534.108945,1481.601472,1418.2047,1355.634743,1305.607714,1267.137845,1232.035395,1201.210512,1175.573349,1158.502765,1150.106665,1146.388769,1143.352798,1137.002473,1129.241061,1123.37714,1117.522394,1109.788508,1100.743226,1091.907269,1082.821788,1073.027935,1062.286641,1050.760199,1038.591801,1025.924637
49,Sample,2010,20100624,225.1,14.2,52.2,2133.6,SNP,NA,AX25,2779968,1166068,1400,640.7256086,655.0077941,671.9543239,692.1517977,716.1868151,744.751871,776.8789761,810.6640041,844.2028288,883.7301594,932.6982565,985.0293212,1034.645554,1075.469157,1110.818698,1144.778467,1172.419243,1188.811807,1187.294451,1169.624265,1143.500226,1116.621311,1096.686495,1078.851688,1056.561347,1034.947272,1019.141265,1010.442125,1005.353147,1001.812865,997.7598173,995.1964875,995.6691225,996.4319015,994.7390034,991.4473407,988.568036,985.0865839,979.9884785,972.2592143,957.9417744,937.7725367,917.7770873,903.9810127,883.7956384,852.3896899,827.4248535,826.5628157,839.3455163,852.7535097,880.6064038,936.7238065,1025.182013,1137.400464,1268.213483,1412.455392,1564.960517,1742.102037,1948.932702,2163.306185,2363.07616,2564.622723,2784.147546,2999.23667,3187.476136,3357.419633,3525.415594,3680.742173,3812.677526,3917.007347,4000.131281,4067.248412,4123.557823,4174.258595,4210.027801,4226.058861,4234.325386,4246.800987,4259.970485,4264.89453,4265.410471,4265.355658,4268.56744,4274.609925,4280.140504,4284.636446,4287.57502,4288.565719,4287.797732,4285.617875,4282.372964,4278.409814,4266.524502,4246.297944,4228.254222,4222.917417,4224.439833,4224.792835,4231.229095,4251.001285,4293.485431,4354.166507,4419.460603,4475.783811,4532.258337,4600.338444,4669.938306,4730.972101,4773.354003,4796.641489,4809.167517,4814.009487,4814.244796,4806.188645,4787.493901,4763.244463,4738.524232,4703.617112,4654.622556,4605.347788,4569.60003,4541.732284,4511.027066,4483.685873,4465.910202,4463.901547,4490.815042,4541.768027,4595.905307,4632.371692,4678.654991,4751.05988,4811.956469,4823.714867,4789.343005,4735.483125,4659.956804,4560.58562,4420.529613,4237.405419,4030.719505,3819.978339,3624.688388,3421.079163,3191.926249,2966.555226,2774.291673,2604.415001,2434.446158,2276.073029,2140.983499,2040.865454,1976.987302,1939.264861,1922.357129,1920.923103,1948.181068,2010.808299,2093.652282,2181.560504,2259.380452,2338.73645,2432.850877,2528.968297,2614.333273,2692.360526,2772.111169,2849.299348,2919.639212,2990.973299,3066.577753,3135.317137,3186.056012,3219.82213,3244.682702,3260.061483,3265.382227,3260.068689,3238.220596,3200.012744,3153.981495,3108.663209,3069.196205,3029.762945,2982.466004,2919.40796,2848.708791,2776.339365,2691.178593,2582.105386,2432.196542,2245.759793,2043.520446,1846.203809,1674.535188,1503.821481,1314.989079,1137.192535,999.5863994,909.6629268,847.7257788,802.1466191,761.2971115,734.7969319,731.6001847,739.080177,744.6102153,747.0062512,754.7261589,769.6061302,793.4823565,828.1910295,885.0999796,962.9791568,1044.767931,1113.405673,1177.475351,1250.835238,1324.337661,1388.834948,1435.179428,1456.811323,1460.955844,1459.142794,1462.901977,1466.959316,1462.36782,1455.147923,1451.32006,1456.904666,1471.87808,1491.043812,1512.66305,1534.996983,1562.971395,1597.99603,1633.058015,1661.144482,1688.496393,1720.376889,1748.306366,1763.805219,1767.702236,1766.003881,1757.997057,1742.968669,1720.205619,1682.45934,1630.090499,1573.799855,1524.288168,1474.576993,1416.722933,1359.97932,1313.599485,1276.732879,1242.878272,1212.812972,1187.314285,1169.251505,1158.710114,1152.291699,1146.597849,1138.230151,1128.931146,1121.491979,1114.087147,1104.891146,1094.414988,1084.113299,1073.575999,1062.393006,1050.353795,1037.607436,1024.283241,1010.510519
